[{"model": "admin.logentry", "pk": 1, "fields": {"action_time": "2024-11-04T06:23:53.124Z", "user": 1, "content_type": 7, "object_id": "1", "object_repr": "Test Project", "action_flag": 1, "change_message": "[{\"added\": {}}]"}}, {"model": "admin.logentry", "pk": 2, "fields": {"action_time": "2024-11-04T06:38:08.333Z", "user": 1, "content_type": 7, "object_id": "1", "object_repr": "Test Project", "action_flag": 2, "change_message": "[{\"changed\": {\"fields\": [\"Question\"]}}]"}}, {"model": "admin.logentry", "pk": 3, "fields": {"action_time": "2024-11-04T06:38:13.797Z", "user": 1, "content_type": 7, "object_id": "1", "object_repr": "Test Project", "action_flag": 2, "change_message": "[]"}}, {"model": "admin.logentry", "pk": 4, "fields": {"action_time": "2024-11-04T06:38:30.502Z", "user": 1, "content_type": 7, "object_id": "1", "object_repr": "Test Project", "action_flag": 2, "change_message": "[]"}}, {"model": "admin.logentry", "pk": 5, "fields": {"action_time": "2024-11-04T06:39:59.534Z", "user": 1, "content_type": 7, "object_id": "1", "object_repr": "Test Project", "action_flag": 2, "change_message": "[{\"changed\": {\"fields\": [\"Question\"]}}]"}}, {"model": "admin.logentry", "pk": 6, "fields": {"action_time": "2024-11-04T06:40:32.441Z", "user": 1, "content_type": 7, "object_id": "1", "object_repr": "Test Project", "action_flag": 2, "change_message": "[{\"changed\": {\"fields\": [\"Question\"]}}]"}}, {"model": "admin.logentry", "pk": 7, "fields": {"action_time": "2024-11-04T06:42:08.512Z", "user": 1, "content_type": 7, "object_id": "1", "object_repr": "Test Project", "action_flag": 2, "change_message": "[]"}}, {"model": "admin.logentry", "pk": 8, "fields": {"action_time": "2024-11-04T06:52:55.069Z", "user": 1, "content_type": 7, "object_id": "1", "object_repr": "Test Project", "action_flag": 2, "change_message": "[{\"changed\": {\"fields\": [\"Question\"]}}]"}}, {"model": "admin.logentry", "pk": 9, "fields": {"action_time": "2024-11-04T06:53:08.809Z", "user": 1, "content_type": 7, "object_id": "1", "object_repr": "Test Project", "action_flag": 2, "change_message": "[{\"changed\": {\"fields\": [\"Question\"]}}]"}}, {"model": "admin.logentry", "pk": 10, "fields": {"action_time": "2024-11-04T06:54:12.821Z", "user": 1, "content_type": 7, "object_id": "1", "object_repr": "Test Project", "action_flag": 2, "change_message": "[{\"changed\": {\"fields\": [\"Question\"]}}]"}}, {"model": "admin.logentry", "pk": 11, "fields": {"action_time": "2024-11-04T06:57:06.657Z", "user": 1, "content_type": 7, "object_id": "1", "object_repr": "Test Project", "action_flag": 2, "change_message": "[{\"changed\": {\"fields\": [\"Question\"]}}]"}}, {"model": "admin.logentry", "pk": 12, "fields": {"action_time": "2024-11-04T07:06:23.725Z", "user": 1, "content_type": 7, "object_id": "1", "object_repr": "Test Project", "action_flag": 2, "change_message": "[{\"changed\": {\"fields\": [\"Question\"]}}]"}}, {"model": "admin.logentry", "pk": 13, "fields": {"action_time": "2024-11-04T07:09:38.590Z", "user": 1, "content_type": 7, "object_id": "1", "object_repr": "Test Project", "action_flag": 2, "change_message": "[{\"changed\": {\"fields\": [\"Question\"]}}]"}}, {"model": "admin.logentry", "pk": 14, "fields": {"action_time": "2024-11-04T07:20:00.559Z", "user": 1, "content_type": 7, "object_id": "1", "object_repr": "WisdomVault Questions", "action_flag": 2, "change_message": "[{\"changed\": {\"fields\": [\"Title\", \"Question\"]}}]"}}, {"model": "admin.logentry", "pk": 15, "fields": {"action_time": "2024-11-04T07:22:36.754Z", "user": 1, "content_type": 7, "object_id": "1", "object_repr": "WisdomVault Questions", "action_flag": 2, "change_message": "[{\"changed\": {\"fields\": [\"Question\"]}}]"}}, {"model": "admin.logentry", "pk": 16, "fields": {"action_time": "2024-11-04T07:24:24.335Z", "user": 1, "content_type": 7, "object_id": "1", "object_repr": "WisdomVault Questions", "action_flag": 2, "change_message": "[{\"changed\": {\"fields\": [\"Question\"]}}]"}}, {"model": "admin.logentry", "pk": 17, "fields": {"action_time": "2024-11-04T07:26:25.726Z", "user": 1, "content_type": 7, "object_id": "1", "object_repr": "WisdomVault Questions", "action_flag": 2, "change_message": "[{\"changed\": {\"fields\": [\"Question\"]}}]"}}, {"model": "admin.logentry", "pk": 18, "fields": {"action_time": "2024-11-04T07:28:03.083Z", "user": 1, "content_type": 7, "object_id": "1", "object_repr": "WisdomVault Questions", "action_flag": 2, "change_message": "[{\"changed\": {\"fields\": [\"Question\"]}}]"}}, {"model": "admin.logentry", "pk": 19, "fields": {"action_time": "2024-11-04T07:28:43.463Z", "user": 1, "content_type": 7, "object_id": "1", "object_repr": "WisdomVault Questions", "action_flag": 2, "change_message": "[]"}}, {"model": "admin.logentry", "pk": 20, "fields": {"action_time": "2024-11-04T07:32:34.888Z", "user": 1, "content_type": 7, "object_id": "1", "object_repr": "WisdomVault Questions", "action_flag": 2, "change_message": "[]"}}, {"model": "admin.logentry", "pk": 21, "fields": {"action_time": "2024-11-04T07:35:03.372Z", "user": 1, "content_type": 7, "object_id": "1", "object_repr": "WisdomVault Questions", "action_flag": 2, "change_message": "[]"}}, {"model": "admin.logentry", "pk": 22, "fields": {"action_time": "2024-11-04T07:37:10.798Z", "user": 1, "content_type": 7, "object_id": "1", "object_repr": "WisdomVault Questions", "action_flag": 2, "change_message": "[]"}}, {"model": "admin.logentry", "pk": 23, "fields": {"action_time": "2024-11-04T07:38:42.476Z", "user": 1, "content_type": 7, "object_id": "1", "object_repr": "WisdomVault Questions", "action_flag": 2, "change_message": "[]"}}, {"model": "admin.logentry", "pk": 24, "fields": {"action_time": "2024-11-04T07:40:06.832Z", "user": 1, "content_type": 7, "object_id": "1", "object_repr": "WisdomVault Questions", "action_flag": 2, "change_message": "[]"}}, {"model": "admin.logentry", "pk": 25, "fields": {"action_time": "2024-11-04T07:47:47.545Z", "user": 1, "content_type": 7, "object_id": "1", "object_repr": "WisdomVault Questions", "action_flag": 2, "change_message": "[{\"changed\": {\"fields\": [\"Question\"]}}]"}}, {"model": "admin.logentry", "pk": 26, "fields": {"action_time": "2024-11-04T07:50:44.079Z", "user": 1, "content_type": 7, "object_id": "1", "object_repr": "WisdomVault Questions", "action_flag": 2, "change_message": "[{\"changed\": {\"fields\": [\"Question\"]}}]"}}, {"model": "admin.logentry", "pk": 27, "fields": {"action_time": "2024-11-04T07:52:35.949Z", "user": 1, "content_type": 7, "object_id": "1", "object_repr": "WisdomVault Questions", "action_flag": 3, "change_message": ""}}, {"model": "admin.logentry", "pk": 28, "fields": {"action_time": "2024-11-04T07:54:39.505Z", "user": 1, "content_type": 7, "object_id": "2", "object_repr": "WisdownVault questions", "action_flag": 1, "change_message": "[{\"added\": {}}]"}}, {"model": "admin.logentry", "pk": 29, "fields": {"action_time": "2024-11-04T07:55:50.042Z", "user": 1, "content_type": 3, "object_id": "1", "object_repr": "General", "action_flag": 1, "change_message": "[{\"added\": {}}]"}}, {"model": "admin.logentry", "pk": 30, "fields": {"action_time": "2024-11-04T07:58:07.816Z", "user": 1, "content_type": 4, "object_id": "2", "object_repr": "cydcyd", "action_flag": 1, "change_message": "[{\"added\": {}}]"}}, {"model": "admin.logentry", "pk": 31, "fields": {"action_time": "2024-11-04T07:58:24.952Z", "user": 1, "content_type": 4, "object_id": "2", "object_repr": "cydcyd", "action_flag": 2, "change_message": "[{\"changed\": {\"fields\": [\"Staff status\", \"Groups\"]}}]"}}, {"model": "admin.logentry", "pk": 32, "fields": {"action_time": "2024-11-04T07:58:53.422Z", "user": 2, "content_type": 7, "object_id": "3", "object_repr": "my first question", "action_flag": 1, "change_message": "[{\"added\": {}}]"}}, {"model": "admin.logentry", "pk": 33, "fields": {"action_time": "2024-11-04T08:04:55.152Z", "user": 1, "content_type": 4, "object_id": "3", "object_repr": "adonis", "action_flag": 1, "change_message": "[{\"added\": {}}]"}}, {"model": "admin.logentry", "pk": 34, "fields": {"action_time": "2024-11-04T08:05:14.065Z", "user": 1, "content_type": 4, "object_id": "3", "object_repr": "adonis", "action_flag": 2, "change_message": "[{\"changed\": {\"fields\": [\"First name\", \"Last name\", \"Staff status\", \"Groups\"]}}]"}}, {"model": "admin.logentry", "pk": 35, "fields": {"action_time": "2024-11-04T08:36:18.969Z", "user": 1, "content_type": 4, "object_id": "4", "object_repr": "josh", "action_flag": 1, "change_message": "[{\"added\": {}}]"}}, {"model": "admin.logentry", "pk": 36, "fields": {"action_time": "2024-11-04T08:36:49.109Z", "user": 1, "content_type": 4, "object_id": "4", "object_repr": "josh", "action_flag": 2, "change_message": "[{\"changed\": {\"fields\": [\"First name\", \"Last name\", \"Staff status\", \"Groups\"]}}]"}}, {"model": "admin.logentry", "pk": 37, "fields": {"action_time": "2024-11-04T08:45:54.095Z", "user": 1, "content_type": 4, "object_id": "5", "object_repr": "owen", "action_flag": 1, "change_message": "[{\"added\": {}}]"}}, {"model": "admin.logentry", "pk": 38, "fields": {"action_time": "2024-11-04T08:46:19.994Z", "user": 1, "content_type": 4, "object_id": "5", "object_repr": "owen", "action_flag": 2, "change_message": "[{\"changed\": {\"fields\": [\"First name\", \"Last name\", \"Staff status\"]}}]"}}, {"model": "admin.logentry", "pk": 39, "fields": {"action_time": "2024-11-04T08:46:43.349Z", "user": 1, "content_type": 3, "object_id": "2", "object_repr": "Family", "action_flag": 1, "change_message": "[{\"added\": {}}]"}}, {"model": "admin.logentry", "pk": 40, "fields": {"action_time": "2024-11-04T08:46:56.821Z", "user": 1, "content_type": 4, "object_id": "5", "object_repr": "owen", "action_flag": 2, "change_message": "[{\"changed\": {\"fields\": [\"Groups\"]}}]"}}, {"model": "admin.logentry", "pk": 41, "fields": {"action_time": "2024-11-04T08:48:18.767Z", "user": 1, "content_type": 4, "object_id": "6", "object_repr": "guia", "action_flag": 1, "change_message": "[{\"added\": {}}]"}}, {"model": "admin.logentry", "pk": 42, "fields": {"action_time": "2024-11-04T08:48:49.911Z", "user": 1, "content_type": 4, "object_id": "6", "object_repr": "guia", "action_flag": 2, "change_message": "[{\"changed\": {\"fields\": [\"First name\", \"Last name\", \"Staff status\", \"Groups\"]}}]"}}, {"model": "admin.logentry", "pk": 43, "fields": {"action_time": "2024-11-04T08:49:24.962Z", "user": 1, "content_type": 4, "object_id": "7", "object_repr": "mengs", "action_flag": 1, "change_message": "[{\"added\": {}}]"}}, {"model": "admin.logentry", "pk": 44, "fields": {"action_time": "2024-11-04T08:49:41.377Z", "user": 1, "content_type": 4, "object_id": "7", "object_repr": "mengs", "action_flag": 2, "change_message": "[{\"changed\": {\"fields\": [\"First name\", \"Last name\", \"Staff status\", \"Groups\"]}}]"}}, {"model": "admin.logentry", "pk": 45, "fields": {"action_time": "2024-11-04T08:51:34.246Z", "user": 1, "content_type": 4, "object_id": "8", "object_repr": "chie", "action_flag": 1, "change_message": "[{\"added\": {}}]"}}, {"model": "admin.logentry", "pk": 46, "fields": {"action_time": "2024-11-04T08:51:51.101Z", "user": 1, "content_type": 4, "object_id": "8", "object_repr": "chie", "action_flag": 2, "change_message": "[{\"changed\": {\"fields\": [\"First name\", \"Last name\", \"Staff status\", \"Groups\"]}}]"}}, {"model": "admin.logentry", "pk": 47, "fields": {"action_time": "2024-11-04T08:52:56.774Z", "user": 1, "content_type": 4, "object_id": "9", "object_repr": "ethan", "action_flag": 1, "change_message": "[{\"added\": {}}]"}}, {"model": "admin.logentry", "pk": 48, "fields": {"action_time": "2024-11-04T08:53:22.515Z", "user": 1, "content_type": 4, "object_id": "9", "object_repr": "ethan", "action_flag": 2, "change_message": "[{\"changed\": {\"fields\": [\"First name\", \"Last name\", \"Staff status\", \"Groups\"]}}]"}}, {"model": "admin.logentry", "pk": 49, "fields": {"action_time": "2024-11-04T08:53:55.978Z", "user": 1, "content_type": 4, "object_id": "10", "object_repr": "amiel", "action_flag": 1, "change_message": "[{\"added\": {}}]"}}, {"model": "admin.logentry", "pk": 50, "fields": {"action_time": "2024-11-04T08:54:18.300Z", "user": 1, "content_type": 4, "object_id": "10", "object_repr": "amiel", "action_flag": 2, "change_message": "[{\"changed\": {\"fields\": [\"First name\", \"Last name\", \"Staff status\", \"Groups\"]}}]"}}, {"model": "admin.logentry", "pk": 51, "fields": {"action_time": "2024-11-04T08:55:11.030Z", "user": 1, "content_type": 4, "object_id": "11", "object_repr": "kyle", "action_flag": 1, "change_message": "[{\"added\": {}}]"}}, {"model": "admin.logentry", "pk": 52, "fields": {"action_time": "2024-11-04T08:55:33.179Z", "user": 1, "content_type": 4, "object_id": "11", "object_repr": "kyle", "action_flag": 2, "change_message": "[{\"changed\": {\"fields\": [\"First name\", \"Last name\", \"Staff status\", \"Groups\"]}}]"}}, {"model": "admin.logentry", "pk": 53, "fields": {"action_time": "2024-11-04T09:03:23.272Z", "user": 1, "content_type": 7, "object_id": "4", "object_repr": "WisdomVault Note", "action_flag": 1, "change_message": "[{\"added\": {}}]"}}, {"model": "admin.logentry", "pk": 54, "fields": {"action_time": "2024-11-04T09:10:08.503Z", "user": 1, "content_type": 8, "object_id": "1", "object_repr": "first note", "action_flag": 1, "change_message": "[{\"added\": {}}]"}}, {"model": "admin.logentry", "pk": 55, "fields": {"action_time": "2024-11-04T09:10:28.448Z", "user": 1, "content_type": 3, "object_id": "1", "object_repr": "General", "action_flag": 2, "change_message": "[{\"changed\": {\"fields\": [\"Permissions\"]}}]"}}, {"model": "admin.logentry", "pk": 56, "fields": {"action_time": "2024-11-04T09:10:35.218Z", "user": 1, "content_type": 3, "object_id": "2", "object_repr": "Family", "action_flag": 2, "change_message": "[{\"changed\": {\"fields\": [\"Permissions\"]}}]"}}, {"model": "admin.logentry", "pk": 57, "fields": {"action_time": "2024-11-04T09:19:07.827Z", "user": 2, "content_type": 8, "object_id": "2", "object_repr": "cyd note", "action_flag": 1, "change_message": "[{\"added\": {}}]"}}, {"model": "admin.logentry", "pk": 58, "fields": {"action_time": "2024-11-04T09:40:12.711Z", "user": 2, "content_type": 7, "object_id": "5", "object_repr": "Daga", "action_flag": 1, "change_message": "[{\"added\": {}}]"}}, {"model": "admin.logentry", "pk": 59, "fields": {"action_time": "2024-11-04T09:40:48.752Z", "user": 2, "content_type": 7, "object_id": "5", "object_repr": "Daga", "action_flag": 2, "change_message": "[{\"changed\": {\"fields\": [\"Question\"]}}]"}}, {"model": "admin.logentry", "pk": 60, "fields": {"action_time": "2024-11-04T09:46:45.085Z", "user": 2, "content_type": 8, "object_id": "3", "object_repr": "Mga Dapat puntahan sa pinas", "action_flag": 1, "change_message": "[{\"added\": {}}]"}}, {"model": "admin.logentry", "pk": 61, "fields": {"action_time": "2024-11-04T09:47:36.938Z", "user": 2, "content_type": 8, "object_id": "4", "object_repr": "Todo this year", "action_flag": 1, "change_message": "[{\"added\": {}}]"}}, {"model": "admin.logentry", "pk": 62, "fields": {"action_time": "2024-11-05T05:16:27.075Z", "user": 1, "content_type": 7, "object_id": "6", "object_repr": "Webtech", "action_flag": 1, "change_message": "[{\"added\": {}}]"}}, {"model": "admin.logentry", "pk": 63, "fields": {"action_time": "2024-11-05T15:14:43.753Z", "user": 2, "content_type": 7, "object_id": "7", "object_repr": "Random", "action_flag": 1, "change_message": "[{\"added\": {}}]"}}, {"model": "admin.logentry", "pk": 64, "fields": {"action_time": "2024-11-06T02:45:59.907Z", "user": 1, "content_type": 7, "object_id": "8", "object_repr": "WisdomVault Emailer", "action_flag": 1, "change_message": "[{\"added\": {}}]"}}, {"model": "admin.logentry", "pk": 65, "fields": {"action_time": "2024-11-06T03:35:16.863Z", "user": 1, "content_type": 7, "object_id": "8", "object_repr": "WisdomVault Emailer", "action_flag": 2, "change_message": "[{\"changed\": {\"fields\": [\"Question\"]}}]"}}, {"model": "admin.logentry", "pk": 66, "fields": {"action_time": "2024-11-06T03:50:08.020Z", "user": 1, "content_type": 8, "object_id": "5", "object_repr": "iweb", "action_flag": 1, "change_message": "[{\"added\": {}}]"}}, {"model": "admin.logentry", "pk": 67, "fields": {"action_time": "2024-11-06T04:25:37.283Z", "user": 1, "content_type": 7, "object_id": "8", "object_repr": "WisdomVault Emailer", "action_flag": 2, "change_message": "[{\"changed\": {\"fields\": [\"Question\"]}}]"}}, {"model": "admin.logentry", "pk": 68, "fields": {"action_time": "2024-11-06T04:33:54.007Z", "user": 1, "content_type": 8, "object_id": "5", "object_repr": "iweb", "action_flag": 2, "change_message": "[{\"changed\": {\"fields\": [\"Content\"]}}]"}}, {"model": "admin.logentry", "pk": 69, "fields": {"action_time": "2024-11-06T04:59:28.207Z", "user": 1, "content_type": 7, "object_id": "8", "object_repr": "WisdomVault Emailer", "action_flag": 2, "change_message": "[{\"changed\": {\"fields\": [\"Question\"]}}]"}}, {"model": "admin.logentry", "pk": 70, "fields": {"action_time": "2024-11-06T05:03:17.823Z", "user": 1, "content_type": 7, "object_id": "8", "object_repr": "WisdomVault Emailer", "action_flag": 2, "change_message": "[{\"changed\": {\"fields\": [\"Question\"]}}]"}}, {"model": "admin.logentry", "pk": 71, "fields": {"action_time": "2024-11-06T05:08:26.648Z", "user": 1, "content_type": 7, "object_id": "8", "object_repr": "WisdomVault Emailer", "action_flag": 2, "change_message": "[{\"changed\": {\"fields\": [\"Question\"]}}]"}}, {"model": "admin.logentry", "pk": 72, "fields": {"action_time": "2024-11-06T05:23:48.145Z", "user": 1, "content_type": 7, "object_id": "8", "object_repr": "WisdomVault Emailer", "action_flag": 2, "change_message": "[{\"changed\": {\"fields\": [\"Question\"]}}]"}}, {"model": "admin.logentry", "pk": 73, "fields": {"action_time": "2024-11-06T05:28:16.421Z", "user": 1, "content_type": 7, "object_id": "8", "object_repr": "WisdomVault Emailer", "action_flag": 2, "change_message": "[{\"changed\": {\"fields\": [\"Question\"]}}]"}}, {"model": "admin.logentry", "pk": 74, "fields": {"action_time": "2024-11-06T12:54:47.466Z", "user": 1, "content_type": 7, "object_id": "8", "object_repr": "WisdomVault Emailer", "action_flag": 2, "change_message": "[{\"changed\": {\"fields\": [\"Question\"]}}]"}}, {"model": "admin.logentry", "pk": 75, "fields": {"action_time": "2024-11-06T23:39:23.445Z", "user": 1, "content_type": 7, "object_id": "9", "object_repr": "General", "action_flag": 1, "change_message": "[{\"added\": {}}]"}}, {"model": "admin.logentry", "pk": 76, "fields": {"action_time": "2024-11-07T04:57:04.223Z", "user": 1, "content_type": 8, "object_id": "1", "object_repr": "Budget and balance", "action_flag": 2, "change_message": "[{\"changed\": {\"fields\": [\"Title\", \"Content\"]}}]"}}, {"model": "admin.logentry", "pk": 77, "fields": {"action_time": "2024-11-07T05:02:32.757Z", "user": 1, "content_type": 7, "object_id": "2", "object_repr": "WisdownVault questions", "action_flag": 2, "change_message": "[{\"changed\": {\"fields\": [\"Question\"]}}]"}}, {"model": "admin.logentry", "pk": 78, "fields": {"action_time": "2024-11-07T07:19:33.926Z", "user": 1, "content_type": 9, "object_id": "1", "object_repr": "cydmdalupan@gmail.com", "action_flag": 1, "change_message": "[{\"added\": {}}]"}}, {"model": "admin.logentry", "pk": 79, "fields": {"action_time": "2024-11-07T07:20:23.129Z", "user": 1, "content_type": 9, "object_id": "2", "object_repr": "adonisgilcanete2@gmail.com", "action_flag": 1, "change_message": "[{\"added\": {}}]"}}, {"model": "admin.logentry", "pk": 80, "fields": {"action_time": "2024-11-09T05:21:11.208Z", "user": 1, "content_type": 4, "object_id": "3", "object_repr": "adonis", "action_flag": 2, "change_message": "[{\"changed\": {\"fields\": [\"User permissions\"]}}]"}}, {"model": "admin.logentry", "pk": 81, "fields": {"action_time": "2024-11-10T04:01:54.147Z", "user": 1, "content_type": 7, "object_id": "10", "object_repr": "Grammar Fix", "action_flag": 1, "change_message": "[{\"added\": {}}]"}}, {"model": "admin.logentry", "pk": 82, "fields": {"action_time": "2024-11-10T06:39:22.289Z", "user": 1, "content_type": 4, "object_id": "12", "object_repr": "andrew", "action_flag": 1, "change_message": "[{\"added\": {}}]"}}, {"model": "admin.logentry", "pk": 83, "fields": {"action_time": "2024-11-10T06:40:58.078Z", "user": 1, "content_type": 4, "object_id": "12", "object_repr": "andrew", "action_flag": 2, "change_message": "[{\"changed\": {\"fields\": [\"First name\", \"Last name\", \"Staff status\", \"Groups\"]}}]"}}, {"model": "admin.logentry", "pk": 84, "fields": {"action_time": "2024-11-10T06:42:42.775Z", "user": 1, "content_type": 4, "object_id": "13", "object_repr": "makmak", "action_flag": 1, "change_message": "[{\"added\": {}}]"}}, {"model": "admin.logentry", "pk": 85, "fields": {"action_time": "2024-11-10T06:43:12.827Z", "user": 1, "content_type": 4, "object_id": "13", "object_repr": "makmak", "action_flag": 2, "change_message": "[{\"changed\": {\"fields\": [\"First name\", \"Last name\", \"Staff status\", \"Groups\"]}}]"}}, {"model": "admin.logentry", "pk": 86, "fields": {"action_time": "2024-11-10T06:46:53.012Z", "user": 12, "content_type": 7, "object_id": "11", "object_repr": "Christmas", "action_flag": 1, "change_message": "[{\"added\": {}}]"}}, {"model": "admin.logentry", "pk": 87, "fields": {"action_time": "2024-11-10T07:00:22.927Z", "user": 13, "content_type": 7, "object_id": "12", "object_repr": "test", "action_flag": 1, "change_message": "[{\"added\": {}}]"}}, {"model": "admin.logentry", "pk": 88, "fields": {"action_time": "2024-11-10T07:04:07.773Z", "user": 1, "content_type": 7, "object_id": "9", "object_repr": "General", "action_flag": 2, "change_message": "[{\"changed\": {\"fields\": [\"Question\"]}}]"}}, {"model": "admin.logentry", "pk": 89, "fields": {"action_time": "2024-11-10T07:05:45.125Z", "user": 13, "content_type": 7, "object_id": "13", "object_repr": "Test", "action_flag": 1, "change_message": "[{\"added\": {}}]"}}, {"model": "admin.logentry", "pk": 90, "fields": {"action_time": "2024-11-10T07:06:13.867Z", "user": 13, "content_type": 8, "object_id": "6", "object_repr": "Test", "action_flag": 1, "change_message": "[{\"added\": {}}]"}}, {"model": "admin.logentry", "pk": 91, "fields": {"action_time": "2024-11-10T08:45:24.631Z", "user": 12, "content_type": 7, "object_id": "11", "object_repr": "Christmas", "action_flag": 2, "change_message": "[]"}}, {"model": "admin.logentry", "pk": 92, "fields": {"action_time": "2024-11-10T08:47:10.518Z", "user": 12, "content_type": 7, "object_id": "11", "object_repr": "Christmas", "action_flag": 2, "change_message": "[]"}}, {"model": "admin.logentry", "pk": 93, "fields": {"action_time": "2024-11-10T08:53:00.995Z", "user": 12, "content_type": 7, "object_id": "11", "object_repr": "Christmas", "action_flag": 2, "change_message": "[]"}}, {"model": "admin.logentry", "pk": 94, "fields": {"action_time": "2024-11-10T08:53:06.526Z", "user": 12, "content_type": 7, "object_id": "11", "object_repr": "Christmas", "action_flag": 2, "change_message": "[]"}}, {"model": "admin.logentry", "pk": 95, "fields": {"action_time": "2024-11-10T10:28:17.747Z", "user": 1, "content_type": 8, "object_id": "7", "object_repr": "WisdomVault Future Feature", "action_flag": 1, "change_message": "[{\"added\": {}}]"}}, {"model": "admin.logentry", "pk": 96, "fields": {"action_time": "2024-11-10T10:32:17.522Z", "user": 12, "content_type": 7, "object_id": "14", "object_repr": "Test", "action_flag": 1, "change_message": "[{\"added\": {}}]"}}, {"model": "admin.logentry", "pk": 97, "fields": {"action_time": "2024-11-10T10:35:45.633Z", "user": 12, "content_type": 7, "object_id": "14", "object_repr": "Test", "action_flag": 3, "change_message": ""}}, {"model": "admin.logentry", "pk": 98, "fields": {"action_time": "2024-11-10T10:35:45.635Z", "user": 12, "content_type": 7, "object_id": "11", "object_repr": "Christmas", "action_flag": 3, "change_message": ""}}, {"model": "admin.logentry", "pk": 99, "fields": {"action_time": "2024-11-10T10:45:09.453Z", "user": 1, "content_type": 7, "object_id": "9", "object_repr": "General", "action_flag": 2, "change_message": "[{\"changed\": {\"fields\": [\"Question\"]}}]"}}, {"model": "admin.logentry", "pk": 100, "fields": {"action_time": "2024-11-10T11:12:51.323Z", "user": 1, "content_type": 7, "object_id": "8", "object_repr": "WisdomVault Emailer", "action_flag": 2, "change_message": "[{\"changed\": {\"fields\": [\"Question\"]}}]"}}, {"model": "admin.logentry", "pk": 101, "fields": {"action_time": "2024-11-10T11:18:09.088Z", "user": 1, "content_type": 7, "object_id": "9", "object_repr": "General", "action_flag": 2, "change_message": "[{\"changed\": {\"fields\": [\"Question\"]}}]"}}, {"model": "admin.logentry", "pk": 102, "fields": {"action_time": "2024-11-10T11:30:00.119Z", "user": 1, "content_type": 7, "object_id": "8", "object_repr": "WisdomVault Emailer", "action_flag": 2, "change_message": "[{\"changed\": {\"fields\": [\"Question\"]}}]"}}, {"model": "admin.logentry", "pk": 103, "fields": {"action_time": "2024-11-10T11:34:20.650Z", "user": 1, "content_type": 7, "object_id": "8", "object_repr": "WisdomVault Emailer", "action_flag": 2, "change_message": "[{\"changed\": {\"fields\": [\"Question\"]}}]"}}, {"model": "admin.logentry", "pk": 104, "fields": {"action_time": "2024-11-10T11:35:25.190Z", "user": 1, "content_type": 7, "object_id": "8", "object_repr": "WisdomVault Emailer", "action_flag": 2, "change_message": "[{\"changed\": {\"fields\": [\"Question\"]}}]"}}, {"model": "admin.logentry", "pk": 105, "fields": {"action_time": "2024-11-10T11:45:42.367Z", "user": 1, "content_type": 7, "object_id": "8", "object_repr": "WisdomVault Emailer", "action_flag": 2, "change_message": "[{\"changed\": {\"fields\": [\"Question\"]}}]"}}, {"model": "admin.logentry", "pk": 106, "fields": {"action_time": "2024-11-10T12:00:15.773Z", "user": 1, "content_type": 7, "object_id": "8", "object_repr": "WisdomVault Emailer", "action_flag": 2, "change_message": "[{\"changed\": {\"fields\": [\"Question\"]}}]"}}, {"model": "admin.logentry", "pk": 107, "fields": {"action_time": "2024-11-10T12:11:04.594Z", "user": 1, "content_type": 7, "object_id": "8", "object_repr": "WisdomVault Emailer", "action_flag": 2, "change_message": "[{\"changed\": {\"fields\": [\"Question\"]}}]"}}, {"model": "admin.logentry", "pk": 108, "fields": {"action_time": "2024-11-11T07:55:22.877Z", "user": 1, "content_type": 7, "object_id": "9", "object_repr": "General", "action_flag": 2, "change_message": "[{\"changed\": {\"fields\": [\"Question\"]}}]"}}, {"model": "admin.logentry", "pk": 109, "fields": {"action_time": "2024-11-11T07:57:23.894Z", "user": 1, "content_type": 7, "object_id": "9", "object_repr": "General", "action_flag": 2, "change_message": "[{\"changed\": {\"fields\": [\"Question\"]}}]"}}, {"model": "admin.logentry", "pk": 110, "fields": {"action_time": "2024-11-11T07:58:26.303Z", "user": 1, "content_type": 7, "object_id": "9", "object_repr": "General", "action_flag": 2, "change_message": "[{\"changed\": {\"fields\": [\"Question\"]}}]"}}, {"model": "admin.logentry", "pk": 111, "fields": {"action_time": "2024-11-11T08:08:03.783Z", "user": 1, "content_type": 7, "object_id": "8", "object_repr": "WisdomVault Emailer", "action_flag": 2, "change_message": "[{\"changed\": {\"fields\": [\"Question\"]}}]"}}, {"model": "admin.logentry", "pk": 112, "fields": {"action_time": "2024-11-11T08:34:14.303Z", "user": 1, "content_type": 7, "object_id": "9", "object_repr": "General", "action_flag": 2, "change_message": "[{\"changed\": {\"fields\": [\"Question\"]}}]"}}, {"model": "admin.logentry", "pk": 113, "fields": {"action_time": "2024-11-11T08:38:43.007Z", "user": 1, "content_type": 7, "object_id": "9", "object_repr": "General", "action_flag": 2, "change_message": "[{\"changed\": {\"fields\": [\"Question\"]}}]"}}, {"model": "admin.logentry", "pk": 114, "fields": {"action_time": "2024-11-12T07:24:31.644Z", "user": 1, "content_type": 7, "object_id": "8", "object_repr": "WisdomVault Emailer", "action_flag": 2, "change_message": "[{\"changed\": {\"fields\": [\"Question\"]}}]"}}, {"model": "admin.logentry", "pk": 115, "fields": {"action_time": "2024-11-12T07:27:30.862Z", "user": 1, "content_type": 7, "object_id": "8", "object_repr": "WisdomVault Emailer", "action_flag": 2, "change_message": "[{\"changed\": {\"fields\": [\"Question\"]}}]"}}, {"model": "admin.logentry", "pk": 116, "fields": {"action_time": "2024-11-12T07:48:50.433Z", "user": 1, "content_type": 7, "object_id": "9", "object_repr": "General", "action_flag": 2, "change_message": "[{\"changed\": {\"fields\": [\"Question\"]}}]"}}, {"model": "admin.logentry", "pk": 117, "fields": {"action_time": "2024-11-12T07:51:11.415Z", "user": 1, "content_type": 7, "object_id": "9", "object_repr": "General", "action_flag": 2, "change_message": "[{\"changed\": {\"fields\": [\"Question\"]}}]"}}, {"model": "admin.logentry", "pk": 118, "fields": {"action_time": "2024-11-12T07:55:36.248Z", "user": 1, "content_type": 7, "object_id": "9", "object_repr": "General", "action_flag": 2, "change_message": "[{\"changed\": {\"fields\": [\"Question\"]}}]"}}, {"model": "admin.logentry", "pk": 119, "fields": {"action_time": "2024-11-12T08:09:37.604Z", "user": 1, "content_type": 7, "object_id": "8", "object_repr": "WisdomVault Emailer", "action_flag": 2, "change_message": "[{\"changed\": {\"fields\": [\"Question\"]}}]"}}, {"model": "admin.logentry", "pk": 120, "fields": {"action_time": "2024-11-12T08:31:39.839Z", "user": 1, "content_type": 7, "object_id": "9", "object_repr": "General", "action_flag": 2, "change_message": "[{\"changed\": {\"fields\": [\"Question\"]}}]"}}, {"model": "admin.logentry", "pk": 121, "fields": {"action_time": "2024-11-12T08:33:50.367Z", "user": 1, "content_type": 7, "object_id": "9", "object_repr": "General", "action_flag": 2, "change_message": "[{\"changed\": {\"fields\": [\"Question\"]}}]"}}, {"model": "admin.logentry", "pk": 122, "fields": {"action_time": "2024-11-12T08:56:16.786Z", "user": 1, "content_type": 7, "object_id": "8", "object_repr": "WisdomVault Emailer", "action_flag": 2, "change_message": "[{\"changed\": {\"fields\": [\"Question\"]}}]"}}, {"model": "admin.logentry", "pk": 123, "fields": {"action_time": "2024-11-12T08:59:54.995Z", "user": 1, "content_type": 7, "object_id": "8", "object_repr": "WisdomVault Emailer", "action_flag": 2, "change_message": "[{\"changed\": {\"fields\": [\"Question\"]}}]"}}, {"model": "admin.logentry", "pk": 124, "fields": {"action_time": "2024-11-12T09:01:26.362Z", "user": 1, "content_type": 7, "object_id": "8", "object_repr": "WisdomVault Emailer", "action_flag": 2, "change_message": "[{\"changed\": {\"fields\": [\"Question\"]}}]"}}, {"model": "admin.logentry", "pk": 125, "fields": {"action_time": "2024-11-12T09:03:20.881Z", "user": 1, "content_type": 7, "object_id": "8", "object_repr": "WisdomVault Emailer", "action_flag": 2, "change_message": "[{\"changed\": {\"fields\": [\"Question\"]}}]"}}, {"model": "admin.logentry", "pk": 126, "fields": {"action_time": "2024-11-13T02:27:01.133Z", "user": 1, "content_type": 7, "object_id": "9", "object_repr": "General", "action_flag": 2, "change_message": "[{\"changed\": {\"fields\": [\"Question\"]}}]"}}, {"model": "admin.logentry", "pk": 127, "fields": {"action_time": "2024-11-13T11:59:57.617Z", "user": 1, "content_type": 7, "object_id": "9", "object_repr": "General", "action_flag": 2, "change_message": "[{\"changed\": {\"fields\": [\"Question\"]}}]"}}, {"model": "admin.logentry", "pk": 128, "fields": {"action_time": "2024-11-14T05:45:02.163Z", "user": 1, "content_type": 7, "object_id": "9", "object_repr": "General", "action_flag": 2, "change_message": "[{\"changed\": {\"fields\": [\"Question\"]}}]"}}, {"model": "admin.logentry", "pk": 129, "fields": {"action_time": "2024-11-14T05:51:12.713Z", "user": 1, "content_type": 7, "object_id": "9", "object_repr": "General", "action_flag": 2, "change_message": "[{\"changed\": {\"fields\": [\"Question\"]}}]"}}, {"model": "admin.logentry", "pk": 130, "fields": {"action_time": "2024-11-14T05:53:12.918Z", "user": 1, "content_type": 8, "object_id": "8", "object_repr": "PHP5 updated_cron.php", "action_flag": 1, "change_message": "[{\"added\": {}}]"}}, {"model": "admin.logentry", "pk": 131, "fields": {"action_time": "2024-11-14T05:59:46.704Z", "user": 1, "content_type": 7, "object_id": "9", "object_repr": "General", "action_flag": 2, "change_message": "[{\"changed\": {\"fields\": [\"Question\"]}}]"}}, {"model": "admin.logentry", "pk": 132, "fields": {"action_time": "2024-11-14T06:11:38.715Z", "user": 1, "content_type": 7, "object_id": "6", "object_repr": "Webtech", "action_flag": 2, "change_message": "[{\"changed\": {\"fields\": [\"Question\"]}}]"}}, {"model": "admin.logentry", "pk": 133, "fields": {"action_time": "2024-11-14T06:15:39.527Z", "user": 1, "content_type": 7, "object_id": "9", "object_repr": "General", "action_flag": 2, "change_message": "[{\"changed\": {\"fields\": [\"Question\"]}}]"}}, {"model": "admin.logentry", "pk": 134, "fields": {"action_time": "2024-11-14T06:29:11.505Z", "user": 1, "content_type": 7, "object_id": "9", "object_repr": "General", "action_flag": 2, "change_message": "[{\"changed\": {\"fields\": [\"Question\"]}}]"}}, {"model": "admin.logentry", "pk": 135, "fields": {"action_time": "2024-11-14T06:32:33.417Z", "user": 1, "content_type": 7, "object_id": "9", "object_repr": "General", "action_flag": 2, "change_message": "[{\"changed\": {\"fields\": [\"Question\"]}}]"}}, {"model": "admin.logentry", "pk": 136, "fields": {"action_time": "2024-11-14T06:41:22.718Z", "user": 1, "content_type": 7, "object_id": "15", "object_repr": "gen2", "action_flag": 1, "change_message": "[{\"added\": {}}]"}}, {"model": "admin.logentry", "pk": 137, "fields": {"action_time": "2024-11-14T09:44:38.833Z", "user": 1, "content_type": 7, "object_id": "16", "object_repr": "Gen 3", "action_flag": 1, "change_message": "[{\"added\": {}}]"}}, {"model": "admin.logentry", "pk": 138, "fields": {"action_time": "2024-11-14T11:25:48.170Z", "user": 1, "content_type": 7, "object_id": "16", "object_repr": "Gen 3", "action_flag": 2, "change_message": "[{\"changed\": {\"fields\": [\"Question\"]}}]"}}, {"model": "admin.logentry", "pk": 139, "fields": {"action_time": "2024-11-15T02:51:40.867Z", "user": 1, "content_type": 7, "object_id": "17", "object_repr": "Dodo Mobile Activate", "action_flag": 1, "change_message": "[{\"added\": {}}]"}}, {"model": "admin.logentry", "pk": 140, "fields": {"action_time": "2024-11-15T05:17:15.374Z", "user": 1, "content_type": 7, "object_id": "10", "object_repr": "Grammar Fix", "action_flag": 2, "change_message": "[{\"changed\": {\"fields\": [\"Question\"]}}]"}}, {"model": "admin.logentry", "pk": 141, "fields": {"action_time": "2024-11-15T05:17:45.652Z", "user": 1, "content_type": 7, "object_id": "10", "object_repr": "Grammar Fix", "action_flag": 2, "change_message": "[{\"changed\": {\"fields\": [\"Question\"]}}]"}}, {"model": "admin.logentry", "pk": 142, "fields": {"action_time": "2024-11-15T05:50:59.526Z", "user": 1, "content_type": 7, "object_id": "17", "object_repr": "Dodo Mobile Activate", "action_flag": 2, "change_message": "[{\"changed\": {\"fields\": [\"Question\"]}}]"}}, {"model": "admin.logentry", "pk": 143, "fields": {"action_time": "2024-11-15T12:00:36.601Z", "user": 1, "content_type": 7, "object_id": "9", "object_repr": "General", "action_flag": 2, "change_message": "[{\"changed\": {\"fields\": [\"Question\"]}}]"}}, {"model": "admin.logentry", "pk": 144, "fields": {"action_time": "2024-11-15T12:02:49.562Z", "user": 1, "content_type": 7, "object_id": "9", "object_repr": "General", "action_flag": 2, "change_message": "[{\"changed\": {\"fields\": [\"Question\"]}}]"}}, {"model": "admin.logentry", "pk": 145, "fields": {"action_time": "2024-11-15T12:22:57.669Z", "user": 1, "content_type": 7, "object_id": "9", "object_repr": "General", "action_flag": 2, "change_message": "[{\"changed\": {\"fields\": [\"Question\"]}}]"}}, {"model": "admin.logentry", "pk": 146, "fields": {"action_time": "2024-11-15T12:25:15.716Z", "user": 1, "content_type": 7, "object_id": "9", "object_repr": "General", "action_flag": 2, "change_message": "[{\"changed\": {\"fields\": [\"Question\"]}}]"}}, {"model": "admin.logentry", "pk": 147, "fields": {"action_time": "2024-11-17T04:58:33.036Z", "user": 1, "content_type": 7, "object_id": "18", "object_repr": "Wisdom Vault Grammar", "action_flag": 1, "change_message": "[{\"added\": {}}]"}}, {"model": "admin.logentry", "pk": 148, "fields": {"action_time": "2024-11-17T05:20:13.585Z", "user": 1, "content_type": 7, "object_id": "18", "object_repr": "Wisdom Vault Grammar", "action_flag": 2, "change_message": "[{\"changed\": {\"fields\": [\"Question\"]}}]"}}, {"model": "admin.logentry", "pk": 149, "fields": {"action_time": "2024-11-17T05:33:50.889Z", "user": 1, "content_type": 7, "object_id": "18", "object_repr": "Wisdom Vault Grammar", "action_flag": 2, "change_message": "[{\"changed\": {\"fields\": [\"Question\"]}}]"}}, {"model": "admin.logentry", "pk": 150, "fields": {"action_time": "2024-11-17T06:25:25.464Z", "user": 1, "content_type": 7, "object_id": "18", "object_repr": "Wisdom Vault Grammar", "action_flag": 2, "change_message": "[{\"changed\": {\"fields\": [\"Question\"]}}]"}}, {"model": "admin.logentry", "pk": 151, "fields": {"action_time": "2024-11-17T06:46:28.593Z", "user": 1, "content_type": 7, "object_id": "18", "object_repr": "Wisdom Vault Grammar", "action_flag": 2, "change_message": "[{\"changed\": {\"fields\": [\"Question\"]}}]"}}, {"model": "admin.logentry", "pk": 152, "fields": {"action_time": "2024-11-17T06:51:53.090Z", "user": 1, "content_type": 7, "object_id": "18", "object_repr": "Wisdom Vault Grammar", "action_flag": 2, "change_message": "[{\"changed\": {\"fields\": [\"Question\"]}}]"}}, {"model": "admin.logentry", "pk": 153, "fields": {"action_time": "2024-11-17T07:10:19.245Z", "user": 1, "content_type": 7, "object_id": "18", "object_repr": "Wisdom Vault Grammar", "action_flag": 2, "change_message": "[{\"changed\": {\"fields\": [\"Question\"]}}]"}}, {"model": "admin.logentry", "pk": 154, "fields": {"action_time": "2024-11-17T07:15:23.992Z", "user": 1, "content_type": 7, "object_id": "18", "object_repr": "Wisdom Vault Grammar", "action_flag": 2, "change_message": "[{\"changed\": {\"fields\": [\"Question\"]}}]"}}, {"model": "admin.logentry", "pk": 155, "fields": {"action_time": "2024-11-17T07:20:17.170Z", "user": 1, "content_type": 7, "object_id": "18", "object_repr": "Wisdom Vault Grammar", "action_flag": 2, "change_message": "[{\"changed\": {\"fields\": [\"Question\"]}}]"}}, {"model": "admin.logentry", "pk": 156, "fields": {"action_time": "2024-11-17T07:24:30.568Z", "user": 1, "content_type": 7, "object_id": "18", "object_repr": "Wisdom Vault Grammar", "action_flag": 2, "change_message": "[{\"changed\": {\"fields\": [\"Question\"]}}]"}}, {"model": "admin.logentry", "pk": 157, "fields": {"action_time": "2024-11-17T07:30:04.457Z", "user": 1, "content_type": 7, "object_id": "18", "object_repr": "Wisdom Vault Grammar", "action_flag": 2, "change_message": "[{\"changed\": {\"fields\": [\"Question\"]}}]"}}, {"model": "admin.logentry", "pk": 158, "fields": {"action_time": "2024-11-17T07:32:22.349Z", "user": 1, "content_type": 7, "object_id": "18", "object_repr": "Wisdom Vault Grammar", "action_flag": 2, "change_message": "[{\"changed\": {\"fields\": [\"Question\"]}}]"}}, {"model": "admin.logentry", "pk": 159, "fields": {"action_time": "2024-11-17T07:34:44.670Z", "user": 1, "content_type": 7, "object_id": "18", "object_repr": "Wisdom Vault Grammar", "action_flag": 2, "change_message": "[{\"changed\": {\"fields\": [\"Question\"]}}]"}}, {"model": "admin.logentry", "pk": 160, "fields": {"action_time": "2024-11-17T07:36:37.350Z", "user": 1, "content_type": 7, "object_id": "18", "object_repr": "Wisdom Vault Grammar", "action_flag": 2, "change_message": "[{\"changed\": {\"fields\": [\"Question\"]}}]"}}, {"model": "admin.logentry", "pk": 161, "fields": {"action_time": "2024-11-17T07:41:18.754Z", "user": 1, "content_type": 7, "object_id": "18", "object_repr": "Wisdom Vault Grammar", "action_flag": 2, "change_message": "[{\"changed\": {\"fields\": [\"Question\"]}}]"}}, {"model": "admin.logentry", "pk": 162, "fields": {"action_time": "2024-11-17T07:42:57.370Z", "user": 1, "content_type": 7, "object_id": "18", "object_repr": "Wisdom Vault Grammar", "action_flag": 2, "change_message": "[{\"changed\": {\"fields\": [\"Question\"]}}]"}}, {"model": "admin.logentry", "pk": 163, "fields": {"action_time": "2024-11-17T07:48:28.360Z", "user": 1, "content_type": 7, "object_id": "18", "object_repr": "Wisdom Vault Grammar", "action_flag": 2, "change_message": "[{\"changed\": {\"fields\": [\"Question\"]}}]"}}, {"model": "admin.logentry", "pk": 164, "fields": {"action_time": "2024-11-17T07:51:12.914Z", "user": 1, "content_type": 7, "object_id": "18", "object_repr": "Wisdom Vault Grammar", "action_flag": 2, "change_message": "[{\"changed\": {\"fields\": [\"Question\"]}}]"}}, {"model": "admin.logentry", "pk": 165, "fields": {"action_time": "2024-11-17T07:55:38.173Z", "user": 1, "content_type": 7, "object_id": "18", "object_repr": "Wisdom Vault Grammar", "action_flag": 2, "change_message": "[{\"changed\": {\"fields\": [\"Question\"]}}]"}}, {"model": "admin.logentry", "pk": 166, "fields": {"action_time": "2024-11-17T08:02:41.493Z", "user": 1, "content_type": 7, "object_id": "18", "object_repr": "Wisdom Vault Grammar", "action_flag": 2, "change_message": "[{\"changed\": {\"fields\": [\"Question\"]}}]"}}, {"model": "admin.logentry", "pk": 167, "fields": {"action_time": "2024-11-17T08:04:14.095Z", "user": 1, "content_type": 7, "object_id": "18", "object_repr": "Wisdom Vault Grammar", "action_flag": 2, "change_message": "[{\"changed\": {\"fields\": [\"Question\"]}}]"}}, {"model": "admin.logentry", "pk": 168, "fields": {"action_time": "2024-11-17T08:17:48.114Z", "user": 1, "content_type": 7, "object_id": "18", "object_repr": "Wisdom Vault Grammar", "action_flag": 2, "change_message": "[{\"changed\": {\"fields\": [\"Question\"]}}]"}}, {"model": "admin.logentry", "pk": 169, "fields": {"action_time": "2024-11-17T08:22:54.304Z", "user": 1, "content_type": 7, "object_id": "18", "object_repr": "Wisdom Vault Grammar", "action_flag": 2, "change_message": "[{\"changed\": {\"fields\": [\"Question\"]}}]"}}, {"model": "admin.logentry", "pk": 170, "fields": {"action_time": "2024-11-17T08:38:59.017Z", "user": 1, "content_type": 7, "object_id": "18", "object_repr": "Wisdom Vault Grammar", "action_flag": 2, "change_message": "[{\"changed\": {\"fields\": [\"Question\"]}}]"}}, {"model": "admin.logentry", "pk": 171, "fields": {"action_time": "2024-11-17T08:41:25.749Z", "user": 1, "content_type": 3, "object_id": "2", "object_repr": "Family", "action_flag": 2, "change_message": "[{\"changed\": {\"fields\": [\"Permissions\"]}}]"}}, {"model": "admin.logentry", "pk": 172, "fields": {"action_time": "2024-11-17T08:41:38.711Z", "user": 1, "content_type": 3, "object_id": "1", "object_repr": "General", "action_flag": 2, "change_message": "[{\"changed\": {\"fields\": [\"Permissions\"]}}]"}}, {"model": "admin.logentry", "pk": 173, "fields": {"action_time": "2024-11-25T05:38:37.017Z", "user": 1, "content_type": 8, "object_id": "9", "object_repr": "Pasalubong", "action_flag": 1, "change_message": "[{\"added\": {}}]"}}, {"model": "admin.logentry", "pk": 174, "fields": {"action_time": "2024-11-26T05:31:26.495Z", "user": 1, "content_type": 7, "object_id": "9", "object_repr": "General", "action_flag": 2, "change_message": "[{\"changed\": {\"fields\": [\"Question\"]}}]"}}, {"model": "admin.logentry", "pk": 175, "fields": {"action_time": "2024-11-26T06:08:30.178Z", "user": 1, "content_type": 7, "object_id": "4", "object_repr": "WisdomVault Canban", "action_flag": 2, "change_message": "[{\"changed\": {\"fields\": [\"Title\", \"Question\"]}}]"}}, {"model": "admin.logentry", "pk": 176, "fields": {"action_time": "2024-11-26T06:11:24.512Z", "user": 1, "content_type": 7, "object_id": "4", "object_repr": "WisdomVault Kanban", "action_flag": 2, "change_message": "[{\"changed\": {\"fields\": [\"Title\", \"Question\"]}}]"}}, {"model": "admin.logentry", "pk": 177, "fields": {"action_time": "2024-11-26T06:21:23.191Z", "user": 1, "content_type": 7, "object_id": "4", "object_repr": "WisdomVault Kanban", "action_flag": 2, "change_message": "[{\"changed\": {\"fields\": [\"Question\"]}}]"}}, {"model": "admin.logentry", "pk": 178, "fields": {"action_time": "2024-11-26T06:42:53.058Z", "user": 1, "content_type": 7, "object_id": "4", "object_repr": "WisdomVault Kanban", "action_flag": 2, "change_message": "[{\"changed\": {\"fields\": [\"Question\"]}}]"}}, {"model": "admin.logentry", "pk": 179, "fields": {"action_time": "2024-11-26T06:47:48.530Z", "user": 1, "content_type": 7, "object_id": "16", "object_repr": "Gen 3", "action_flag": 3, "change_message": ""}}, {"model": "admin.logentry", "pk": 180, "fields": {"action_time": "2024-11-26T06:53:22.550Z", "user": 1, "content_type": 7, "object_id": "15", "object_repr": "gen2", "action_flag": 2, "change_message": "[{\"changed\": {\"fields\": [\"Question\"]}}]"}}, {"model": "admin.logentry", "pk": 181, "fields": {"action_time": "2024-11-26T06:56:52.015Z", "user": 1, "content_type": 7, "object_id": "4", "object_repr": "WisdomVault Kanban", "action_flag": 2, "change_message": "[{\"changed\": {\"fields\": [\"Question\"]}}]"}}, {"model": "admin.logentry", "pk": 182, "fields": {"action_time": "2024-11-26T07:01:47.777Z", "user": 1, "content_type": 7, "object_id": "4", "object_repr": "WisdomVault Kanban", "action_flag": 2, "change_message": "[{\"changed\": {\"fields\": [\"Question\"]}}]"}}, {"model": "admin.logentry", "pk": 183, "fields": {"action_time": "2024-11-26T07:05:26.989Z", "user": 1, "content_type": 7, "object_id": "4", "object_repr": "WisdomVault Kanban", "action_flag": 2, "change_message": "[{\"changed\": {\"fields\": [\"Question\"]}}]"}}, {"model": "admin.logentry", "pk": 184, "fields": {"action_time": "2024-11-27T04:36:30.010Z", "user": 1, "content_type": 7, "object_id": "4", "object_repr": "WisdomVault Kanban", "action_flag": 2, "change_message": "[{\"changed\": {\"fields\": [\"Question\"]}}]"}}, {"model": "admin.logentry", "pk": 185, "fields": {"action_time": "2024-11-27T04:43:42.377Z", "user": 1, "content_type": 7, "object_id": "4", "object_repr": "WisdomVault Kanban", "action_flag": 2, "change_message": "[{\"changed\": {\"fields\": [\"Question\"]}}]"}}, {"model": "admin.logentry", "pk": 186, "fields": {"action_time": "2024-11-27T04:46:23.764Z", "user": 1, "content_type": 7, "object_id": "4", "object_repr": "WisdomVault Kanban", "action_flag": 2, "change_message": "[{\"changed\": {\"fields\": [\"Question\"]}}]"}}, {"model": "admin.logentry", "pk": 187, "fields": {"action_time": "2024-11-27T04:47:28.664Z", "user": 1, "content_type": 7, "object_id": "4", "object_repr": "WisdomVault Kanban", "action_flag": 2, "change_message": "[{\"changed\": {\"fields\": [\"Question\"]}}]"}}, {"model": "admin.logentry", "pk": 188, "fields": {"action_time": "2024-11-27T04:49:13.742Z", "user": 1, "content_type": 7, "object_id": "4", "object_repr": "WisdomVault Kanban", "action_flag": 2, "change_message": "[{\"changed\": {\"fields\": [\"Question\"]}}]"}}, {"model": "admin.logentry", "pk": 189, "fields": {"action_time": "2024-11-27T04:51:22.283Z", "user": 1, "content_type": 7, "object_id": "4", "object_repr": "WisdomVault Kanban", "action_flag": 2, "change_message": "[{\"changed\": {\"fields\": [\"Question\"]}}]"}}, {"model": "admin.logentry", "pk": 190, "fields": {"action_time": "2024-11-27T05:03:10.694Z", "user": 1, "content_type": 7, "object_id": "4", "object_repr": "WisdomVault Kanban", "action_flag": 2, "change_message": "[{\"changed\": {\"fields\": [\"Question\"]}}]"}}, {"model": "admin.logentry", "pk": 191, "fields": {"action_time": "2024-11-27T05:23:25.194Z", "user": 1, "content_type": 7, "object_id": "4", "object_repr": "WisdomVault Kanban", "action_flag": 2, "change_message": "[{\"changed\": {\"fields\": [\"Question\"]}}]"}}, {"model": "admin.logentry", "pk": 192, "fields": {"action_time": "2024-11-27T05:25:35.192Z", "user": 1, "content_type": 7, "object_id": "4", "object_repr": "WisdomVault Kanban", "action_flag": 2, "change_message": "[{\"changed\": {\"fields\": [\"Question\"]}}]"}}, {"model": "admin.logentry", "pk": 193, "fields": {"action_time": "2024-11-27T05:27:35.669Z", "user": 1, "content_type": 7, "object_id": "4", "object_repr": "WisdomVault Kanban", "action_flag": 2, "change_message": "[{\"changed\": {\"fields\": [\"Question\"]}}]"}}, {"model": "admin.logentry", "pk": 194, "fields": {"action_time": "2024-11-27T05:28:56.590Z", "user": 1, "content_type": 7, "object_id": "4", "object_repr": "WisdomVault Kanban", "action_flag": 2, "change_message": "[{\"changed\": {\"fields\": [\"Question\"]}}]"}}, {"model": "admin.logentry", "pk": 195, "fields": {"action_time": "2024-11-27T05:51:13.246Z", "user": 1, "content_type": 7, "object_id": "4", "object_repr": "WisdomVault Kanban", "action_flag": 2, "change_message": "[{\"changed\": {\"fields\": [\"Question\"]}}]"}}, {"model": "admin.logentry", "pk": 196, "fields": {"action_time": "2024-11-27T05:52:39.701Z", "user": 1, "content_type": 7, "object_id": "4", "object_repr": "WisdomVault Kanban", "action_flag": 2, "change_message": "[{\"changed\": {\"fields\": [\"Question\"]}}]"}}, {"model": "admin.logentry", "pk": 197, "fields": {"action_time": "2024-11-27T06:09:45.774Z", "user": 1, "content_type": 7, "object_id": "4", "object_repr": "WisdomVault Kanban", "action_flag": 2, "change_message": "[{\"changed\": {\"fields\": [\"Question\"]}}]"}}, {"model": "admin.logentry", "pk": 198, "fields": {"action_time": "2024-11-27T06:37:28.303Z", "user": 1, "content_type": 7, "object_id": "4", "object_repr": "WisdomVault Kanban", "action_flag": 2, "change_message": "[{\"changed\": {\"fields\": [\"Question\"]}}]"}}, {"model": "admin.logentry", "pk": 199, "fields": {"action_time": "2024-11-27T06:41:38.731Z", "user": 1, "content_type": 7, "object_id": "4", "object_repr": "WisdomVault Kanban", "action_flag": 2, "change_message": "[{\"changed\": {\"fields\": [\"Question\"]}}]"}}, {"model": "admin.logentry", "pk": 200, "fields": {"action_time": "2024-11-27T06:46:16.944Z", "user": 1, "content_type": 7, "object_id": "4", "object_repr": "WisdomVault Kanban", "action_flag": 2, "change_message": "[{\"changed\": {\"fields\": [\"Question\"]}}]"}}, {"model": "admin.logentry", "pk": 201, "fields": {"action_time": "2024-11-27T15:05:16.546Z", "user": 1, "content_type": 7, "object_id": "15", "object_repr": "gen2", "action_flag": 3, "change_message": ""}}, {"model": "admin.logentry", "pk": 202, "fields": {"action_time": "2024-11-27T15:09:22.064Z", "user": 1, "content_type": 7, "object_id": "9", "object_repr": "General", "action_flag": 2, "change_message": "[{\"changed\": {\"fields\": [\"Question\"]}}]"}}, {"model": "admin.logentry", "pk": 203, "fields": {"action_time": "2024-11-27T15:28:10.054Z", "user": 1, "content_type": 7, "object_id": "9", "object_repr": "General", "action_flag": 2, "change_message": "[{\"changed\": {\"fields\": [\"Question\"]}}]"}}, {"model": "admin.logentry", "pk": 204, "fields": {"action_time": "2024-11-27T22:59:31.672Z", "user": 1, "content_type": 7, "object_id": "9", "object_repr": "General", "action_flag": 2, "change_message": "[{\"changed\": {\"fields\": [\"Question\"]}}]"}}, {"model": "admin.logentry", "pk": 205, "fields": {"action_time": "2024-11-27T23:00:55.377Z", "user": 1, "content_type": 7, "object_id": "9", "object_repr": "General", "action_flag": 2, "change_message": "[{\"changed\": {\"fields\": [\"Question\"]}}]"}}, {"model": "admin.logentry", "pk": 206, "fields": {"action_time": "2024-11-27T23:11:41.010Z", "user": 1, "content_type": 7, "object_id": "9", "object_repr": "General", "action_flag": 2, "change_message": "[{\"changed\": {\"fields\": [\"Question\"]}}]"}}, {"model": "admin.logentry", "pk": 207, "fields": {"action_time": "2024-11-28T02:24:22.797Z", "user": 1, "content_type": 4, "object_id": "14", "object_repr": "paolo", "action_flag": 1, "change_message": "[{\"added\": {}}]"}}, {"model": "admin.logentry", "pk": 208, "fields": {"action_time": "2024-11-28T02:24:58.636Z", "user": 1, "content_type": 4, "object_id": "14", "object_repr": "paolo", "action_flag": 2, "change_message": "[{\"changed\": {\"fields\": [\"Staff status\", \"Groups\"]}}]"}}, {"model": "admin.logentry", "pk": 209, "fields": {"action_time": "2024-11-28T02:28:15.919Z", "user": 14, "content_type": 7, "object_id": "19", "object_repr": "ggggg", "action_flag": 1, "change_message": "[{\"added\": {}}]"}}, {"model": "admin.logentry", "pk": 210, "fields": {"action_time": "2024-11-28T02:49:06.853Z", "user": 1, "content_type": 7, "object_id": "9", "object_repr": "General", "action_flag": 2, "change_message": "[{\"changed\": {\"fields\": [\"Question\"]}}]"}}, {"model": "admin.logentry", "pk": 211, "fields": {"action_time": "2024-11-28T02:49:43.042Z", "user": 1, "content_type": 7, "object_id": "9", "object_repr": "General", "action_flag": 2, "change_message": "[{\"changed\": {\"fields\": [\"Question\"]}}]"}}, {"model": "admin.logentry", "pk": 212, "fields": {"action_time": "2024-11-28T03:07:26.876Z", "user": 1, "content_type": 4, "object_id": "15", "object_repr": "glen", "action_flag": 1, "change_message": "[{\"added\": {}}]"}}, {"model": "admin.logentry", "pk": 213, "fields": {"action_time": "2024-11-28T03:07:43.262Z", "user": 1, "content_type": 4, "object_id": "15", "object_repr": "glen", "action_flag": 2, "change_message": "[{\"changed\": {\"fields\": [\"First name\", \"Last name\", \"Staff status\", \"Groups\"]}}]"}}, {"model": "admin.logentry", "pk": 214, "fields": {"action_time": "2024-11-28T03:08:04.199Z", "user": 1, "content_type": 4, "object_id": "14", "object_repr": "paolo", "action_flag": 2, "change_message": "[{\"changed\": {\"fields\": [\"First name\", \"Last name\"]}}]"}}, {"model": "admin.logentry", "pk": 215, "fields": {"action_time": "2024-11-28T03:09:06.099Z", "user": 1, "content_type": 4, "object_id": "16", "object_repr": "mark", "action_flag": 1, "change_message": "[{\"added\": {}}]"}}, {"model": "admin.logentry", "pk": 216, "fields": {"action_time": "2024-11-28T03:09:25.161Z", "user": 1, "content_type": 4, "object_id": "16", "object_repr": "mark", "action_flag": 2, "change_message": "[{\"changed\": {\"fields\": [\"First name\", \"Last name\", \"Staff status\", \"Groups\"]}}]"}}, {"model": "admin.logentry", "pk": 217, "fields": {"action_time": "2024-11-28T05:36:54.995Z", "user": 1, "content_type": 7, "object_id": "10", "object_repr": "Grammar Fix", "action_flag": 3, "change_message": ""}}, {"model": "admin.logentry", "pk": 218, "fields": {"action_time": "2024-11-28T05:42:14.215Z", "user": 1, "content_type": 7, "object_id": "4", "object_repr": "WisdomVault Kanban", "action_flag": 2, "change_message": "[{\"changed\": {\"fields\": [\"Question\"]}}]"}}, {"model": "admin.logentry", "pk": 219, "fields": {"action_time": "2024-11-28T05:45:36.003Z", "user": 1, "content_type": 7, "object_id": "4", "object_repr": "WisdomVault Kanban", "action_flag": 2, "change_message": "[{\"changed\": {\"fields\": [\"Question\"]}}]"}}, {"model": "admin.logentry", "pk": 220, "fields": {"action_time": "2024-11-28T05:46:52.953Z", "user": 1, "content_type": 7, "object_id": "4", "object_repr": "WisdomVault Kanban", "action_flag": 2, "change_message": "[{\"changed\": {\"fields\": [\"Question\"]}}]"}}, {"model": "admin.logentry", "pk": 221, "fields": {"action_time": "2024-11-28T06:42:45.639Z", "user": 1, "content_type": 7, "object_id": "4", "object_repr": "WisdomVault Kanban", "action_flag": 2, "change_message": "[{\"changed\": {\"fields\": [\"Question\"]}}]"}}, {"model": "admin.logentry", "pk": 222, "fields": {"action_time": "2024-11-28T07:29:22.152Z", "user": 1, "content_type": 7, "object_id": "4", "object_repr": "WisdomVault Kanban", "action_flag": 2, "change_message": "[{\"changed\": {\"fields\": [\"Question\"]}}]"}}, {"model": "admin.logentry", "pk": 223, "fields": {"action_time": "2024-11-28T07:42:34.928Z", "user": 1, "content_type": 7, "object_id": "4", "object_repr": "WisdomVault Kanban", "action_flag": 2, "change_message": "[{\"changed\": {\"fields\": [\"Question\"]}}]"}}, {"model": "admin.logentry", "pk": 224, "fields": {"action_time": "2024-11-28T07:47:23.086Z", "user": 1, "content_type": 7, "object_id": "4", "object_repr": "WisdomVault Kanban", "action_flag": 2, "change_message": "[{\"changed\": {\"fields\": [\"Question\"]}}]"}}, {"model": "admin.logentry", "pk": 225, "fields": {"action_time": "2024-11-28T07:49:29.900Z", "user": 1, "content_type": 7, "object_id": "4", "object_repr": "WisdomVault Kanban", "action_flag": 2, "change_message": "[{\"changed\": {\"fields\": [\"Question\"]}}]"}}, {"model": "admin.logentry", "pk": 226, "fields": {"action_time": "2024-11-28T07:51:06.352Z", "user": 1, "content_type": 7, "object_id": "4", "object_repr": "WisdomVault Kanban", "action_flag": 2, "change_message": "[{\"changed\": {\"fields\": [\"Question\"]}}]"}}, {"model": "admin.logentry", "pk": 227, "fields": {"action_time": "2024-11-28T07:52:33.681Z", "user": 1, "content_type": 7, "object_id": "4", "object_repr": "WisdomVault Kanban", "action_flag": 2, "change_message": "[{\"changed\": {\"fields\": [\"Question\"]}}]"}}, {"model": "admin.logentry", "pk": 228, "fields": {"action_time": "2024-11-28T08:00:52.875Z", "user": 1, "content_type": 7, "object_id": "4", "object_repr": "WisdomVault Kanban", "action_flag": 2, "change_message": "[{\"changed\": {\"fields\": [\"Question\"]}}]"}}, {"model": "admin.logentry", "pk": 229, "fields": {"action_time": "2024-11-28T08:12:10.788Z", "user": 1, "content_type": 7, "object_id": "4", "object_repr": "WisdomVault Kanban", "action_flag": 2, "change_message": "[{\"changed\": {\"fields\": [\"Question\"]}}]"}}, {"model": "admin.logentry", "pk": 230, "fields": {"action_time": "2024-11-28T08:16:12.154Z", "user": 1, "content_type": 7, "object_id": "4", "object_repr": "WisdomVault Kanban", "action_flag": 2, "change_message": "[{\"changed\": {\"fields\": [\"Question\"]}}]"}}, {"model": "admin.logentry", "pk": 231, "fields": {"action_time": "2024-11-30T03:27:50.202Z", "user": 1, "content_type": 8, "object_id": "10", "object_repr": "To Buy", "action_flag": 1, "change_message": "[{\"added\": {}}]"}}, {"model": "admin.logentry", "pk": 232, "fields": {"action_time": "2024-11-30T03:54:59.418Z", "user": 1, "content_type": 8, "object_id": "10", "object_repr": "To Buy", "action_flag": 2, "change_message": "[{\"changed\": {\"fields\": [\"Content\"]}}]"}}, {"model": "admin.logentry", "pk": 233, "fields": {"action_time": "2024-11-30T04:38:59.680Z", "user": 1, "content_type": 8, "object_id": "10", "object_repr": "To Buy", "action_flag": 2, "change_message": "[{\"changed\": {\"fields\": [\"Content\"]}}]"}}, {"model": "admin.logentry", "pk": 234, "fields": {"action_time": "2024-11-30T04:47:18.579Z", "user": 1, "content_type": 7, "object_id": "9", "object_repr": "General", "action_flag": 2, "change_message": "[{\"changed\": {\"fields\": [\"Question\"]}}]"}}, {"model": "admin.logentry", "pk": 235, "fields": {"action_time": "2024-11-30T04:49:43.506Z", "user": 1, "content_type": 7, "object_id": "9", "object_repr": "General", "action_flag": 2, "change_message": "[{\"changed\": {\"fields\": [\"Question\"]}}]"}}, {"model": "admin.logentry", "pk": 236, "fields": {"action_time": "2024-11-30T05:25:38.697Z", "user": 1, "content_type": 7, "object_id": "4", "object_repr": "WisdomVault Kanban", "action_flag": 2, "change_message": "[{\"changed\": {\"fields\": [\"Question\"]}}]"}}, {"model": "admin.logentry", "pk": 237, "fields": {"action_time": "2024-11-30T05:45:12.071Z", "user": 1, "content_type": 7, "object_id": "4", "object_repr": "WisdomVault Kanban", "action_flag": 2, "change_message": "[{\"changed\": {\"fields\": [\"Question\"]}}]"}}, {"model": "admin.logentry", "pk": 238, "fields": {"action_time": "2024-11-30T05:47:54.457Z", "user": 1, "content_type": 7, "object_id": "4", "object_repr": "WisdomVault Kanban", "action_flag": 2, "change_message": "[{\"changed\": {\"fields\": [\"Question\"]}}]"}}, {"model": "admin.logentry", "pk": 239, "fields": {"action_time": "2024-11-30T06:08:03.569Z", "user": 1, "content_type": 7, "object_id": "4", "object_repr": "WisdomVault Kanban", "action_flag": 2, "change_message": "[{\"changed\": {\"fields\": [\"Question\"]}}]"}}, {"model": "admin.logentry", "pk": 240, "fields": {"action_time": "2024-11-30T06:10:29.260Z", "user": 1, "content_type": 7, "object_id": "4", "object_repr": "WisdomVault Kanban", "action_flag": 2, "change_message": "[{\"changed\": {\"fields\": [\"Question\"]}}]"}}, {"model": "admin.logentry", "pk": 241, "fields": {"action_time": "2024-11-30T06:21:22.875Z", "user": 1, "content_type": 7, "object_id": "4", "object_repr": "WisdomVault Kanban", "action_flag": 2, "change_message": "[{\"changed\": {\"fields\": [\"Question\"]}}]"}}, {"model": "admin.logentry", "pk": 242, "fields": {"action_time": "2024-11-30T06:30:14.374Z", "user": 1, "content_type": 7, "object_id": "4", "object_repr": "WisdomVault Kanban", "action_flag": 2, "change_message": "[{\"changed\": {\"fields\": [\"Question\"]}}]"}}, {"model": "admin.logentry", "pk": 243, "fields": {"action_time": "2024-11-30T07:37:18.171Z", "user": 1, "content_type": 7, "object_id": "4", "object_repr": "WisdomVault Kanban", "action_flag": 2, "change_message": "[{\"changed\": {\"fields\": [\"Question\"]}}]"}}, {"model": "admin.logentry", "pk": 244, "fields": {"action_time": "2024-11-30T07:52:48.509Z", "user": 1, "content_type": 7, "object_id": "9", "object_repr": "General", "action_flag": 2, "change_message": "[{\"changed\": {\"fields\": [\"Question\"]}}]"}}, {"model": "admin.logentry", "pk": 245, "fields": {"action_time": "2024-11-30T07:54:20.180Z", "user": 1, "content_type": 7, "object_id": "9", "object_repr": "General", "action_flag": 2, "change_message": "[{\"changed\": {\"fields\": [\"Question\"]}}]"}}, {"model": "admin.logentry", "pk": 246, "fields": {"action_time": "2024-11-30T07:57:41.994Z", "user": 1, "content_type": 7, "object_id": "9", "object_repr": "General", "action_flag": 2, "change_message": "[{\"changed\": {\"fields\": [\"Question\"]}}]"}}, {"model": "admin.logentry", "pk": 247, "fields": {"action_time": "2024-11-30T08:38:54.435Z", "user": 1, "content_type": 7, "object_id": "4", "object_repr": "WisdomVault Kanban", "action_flag": 2, "change_message": "[{\"changed\": {\"fields\": [\"Question\"]}}]"}}, {"model": "admin.logentry", "pk": 248, "fields": {"action_time": "2024-11-30T08:39:24.800Z", "user": 1, "content_type": 7, "object_id": "4", "object_repr": "WisdomVault Kanban", "action_flag": 2, "change_message": "[{\"changed\": {\"fields\": [\"Question\"]}}]"}}, {"model": "admin.logentry", "pk": 249, "fields": {"action_time": "2024-11-30T08:40:30.890Z", "user": 1, "content_type": 7, "object_id": "4", "object_repr": "WisdomVault Kanban", "action_flag": 2, "change_message": "[{\"changed\": {\"fields\": [\"Question\"]}}]"}}, {"model": "admin.logentry", "pk": 250, "fields": {"action_time": "2024-11-30T08:44:52.719Z", "user": 1, "content_type": 7, "object_id": "4", "object_repr": "WisdomVault Kanban", "action_flag": 2, "change_message": "[{\"changed\": {\"fields\": [\"Question\"]}}]"}}, {"model": "admin.logentry", "pk": 251, "fields": {"action_time": "2024-11-30T08:49:20.772Z", "user": 1, "content_type": 7, "object_id": "4", "object_repr": "WisdomVault Kanban", "action_flag": 2, "change_message": "[{\"changed\": {\"fields\": [\"Question\"]}}]"}}, {"model": "admin.logentry", "pk": 252, "fields": {"action_time": "2024-11-30T08:51:29.197Z", "user": 1, "content_type": 7, "object_id": "4", "object_repr": "WisdomVault Kanban", "action_flag": 2, "change_message": "[{\"changed\": {\"fields\": [\"Question\"]}}]"}}, {"model": "admin.logentry", "pk": 253, "fields": {"action_time": "2024-11-30T08:55:58.377Z", "user": 1, "content_type": 7, "object_id": "4", "object_repr": "WisdomVault Kanban", "action_flag": 2, "change_message": "[{\"changed\": {\"fields\": [\"Question\"]}}]"}}, {"model": "admin.logentry", "pk": 254, "fields": {"action_time": "2024-11-30T08:58:43.422Z", "user": 1, "content_type": 7, "object_id": "4", "object_repr": "WisdomVault Kanban", "action_flag": 2, "change_message": "[{\"changed\": {\"fields\": [\"Question\"]}}]"}}, {"model": "admin.logentry", "pk": 255, "fields": {"action_time": "2024-11-30T09:14:06.490Z", "user": 1, "content_type": 8, "object_id": "10", "object_repr": "To Buy", "action_flag": 2, "change_message": "[{\"changed\": {\"fields\": [\"Content\"]}}]"}}, {"model": "admin.logentry", "pk": 256, "fields": {"action_time": "2024-11-30T09:17:50.941Z", "user": 1, "content_type": 8, "object_id": "10", "object_repr": "To Buy", "action_flag": 2, "change_message": "[{\"changed\": {\"fields\": [\"Content\"]}}]"}}, {"model": "admin.logentry", "pk": 257, "fields": {"action_time": "2024-11-30T09:36:31.372Z", "user": 1, "content_type": 8, "object_id": "10", "object_repr": "To Buy", "action_flag": 2, "change_message": "[{\"changed\": {\"fields\": [\"Content\"]}}]"}}, {"model": "admin.logentry", "pk": 258, "fields": {"action_time": "2024-11-30T09:40:20.862Z", "user": 1, "content_type": 8, "object_id": "10", "object_repr": "To Buy", "action_flag": 2, "change_message": "[{\"changed\": {\"fields\": [\"Content\"]}}]"}}, {"model": "admin.logentry", "pk": 259, "fields": {"action_time": "2024-11-30T09:51:46.194Z", "user": 1, "content_type": 8, "object_id": "10", "object_repr": "To Buy", "action_flag": 2, "change_message": "[{\"changed\": {\"fields\": [\"Content\"]}}]"}}, {"model": "admin.logentry", "pk": 260, "fields": {"action_time": "2024-11-30T09:54:44.319Z", "user": 1, "content_type": 8, "object_id": "10", "object_repr": "To Buy", "action_flag": 2, "change_message": "[{\"changed\": {\"fields\": [\"Content\"]}}]"}}, {"model": "admin.logentry", "pk": 261, "fields": {"action_time": "2024-11-30T10:09:26.634Z", "user": 1, "content_type": 8, "object_id": "10", "object_repr": "To Buy", "action_flag": 2, "change_message": "[{\"changed\": {\"fields\": [\"Content\"]}}]"}}, {"model": "admin.logentry", "pk": 262, "fields": {"action_time": "2024-11-30T11:27:35.770Z", "user": 1, "content_type": 8, "object_id": "10", "object_repr": "To Buy", "action_flag": 2, "change_message": "[]"}}, {"model": "admin.logentry", "pk": 263, "fields": {"action_time": "2024-11-30T11:27:50.164Z", "user": 1, "content_type": 8, "object_id": "10", "object_repr": "To Buy", "action_flag": 2, "change_message": "[{\"changed\": {\"fields\": [\"Content\"]}}]"}}, {"model": "admin.logentry", "pk": 264, "fields": {"action_time": "2024-11-30T11:39:29.704Z", "user": 1, "content_type": 8, "object_id": "10", "object_repr": "To Buy", "action_flag": 2, "change_message": "[{\"changed\": {\"fields\": [\"Content\"]}}]"}}, {"model": "admin.logentry", "pk": 265, "fields": {"action_time": "2024-12-01T06:16:58.966Z", "user": 1, "content_type": 8, "object_id": "10", "object_repr": "To Buy", "action_flag": 2, "change_message": "[{\"changed\": {\"fields\": [\"Content\"]}}]"}}, {"model": "admin.logentry", "pk": 266, "fields": {"action_time": "2024-12-01T06:20:46.833Z", "user": 1, "content_type": 7, "object_id": "4", "object_repr": "WisdomVault Kanban", "action_flag": 2, "change_message": "[{\"changed\": {\"fields\": [\"Question\"]}}]"}}, {"model": "admin.logentry", "pk": 267, "fields": {"action_time": "2024-12-01T06:33:39.018Z", "user": 1, "content_type": 7, "object_id": "4", "object_repr": "WisdomVault Kanban", "action_flag": 2, "change_message": "[{\"changed\": {\"fields\": [\"Question\"]}}]"}}, {"model": "admin.logentry", "pk": 268, "fields": {"action_time": "2024-12-01T06:40:18.916Z", "user": 1, "content_type": 7, "object_id": "4", "object_repr": "WisdomVault Kanban", "action_flag": 2, "change_message": "[{\"changed\": {\"fields\": [\"Question\"]}}]"}}, {"model": "admin.logentry", "pk": 269, "fields": {"action_time": "2024-12-01T06:55:20.164Z", "user": 1, "content_type": 7, "object_id": "4", "object_repr": "WisdomVault Kanban", "action_flag": 2, "change_message": "[{\"changed\": {\"fields\": [\"Question\"]}}]"}}, {"model": "admin.logentry", "pk": 270, "fields": {"action_time": "2024-12-01T07:06:15.934Z", "user": 1, "content_type": 7, "object_id": "4", "object_repr": "WisdomVault Kanban", "action_flag": 2, "change_message": "[{\"changed\": {\"fields\": [\"Question\"]}}]"}}, {"model": "admin.logentry", "pk": 271, "fields": {"action_time": "2024-12-01T07:35:33.639Z", "user": 1, "content_type": 7, "object_id": "4", "object_repr": "WisdomVault Kanban", "action_flag": 2, "change_message": "[{\"changed\": {\"fields\": [\"Question\"]}}]"}}, {"model": "admin.logentry", "pk": 272, "fields": {"action_time": "2024-12-01T08:09:08.391Z", "user": 1, "content_type": 8, "object_id": "10", "object_repr": "dev notes", "action_flag": 2, "change_message": "[{\"changed\": {\"fields\": [\"Title\", \"Content\"]}}]"}}, {"model": "admin.logentry", "pk": 273, "fields": {"action_time": "2024-12-01T08:24:40.443Z", "user": 1, "content_type": 7, "object_id": "4", "object_repr": "WisdomVault Kanban", "action_flag": 2, "change_message": "[{\"changed\": {\"fields\": [\"Question\"]}}]"}}, {"model": "admin.logentry", "pk": 274, "fields": {"action_time": "2024-12-01T08:26:57.690Z", "user": 1, "content_type": 7, "object_id": "4", "object_repr": "WisdomVault Kanban", "action_flag": 2, "change_message": "[{\"changed\": {\"fields\": [\"Question\"]}}]"}}, {"model": "admin.logentry", "pk": 275, "fields": {"action_time": "2024-12-01T08:39:56.173Z", "user": 1, "content_type": 7, "object_id": "4", "object_repr": "WisdomVault Kanban", "action_flag": 2, "change_message": "[]"}}, {"model": "admin.logentry", "pk": 276, "fields": {"action_time": "2024-12-01T08:41:15.868Z", "user": 1, "content_type": 3, "object_id": "2", "object_repr": "Family", "action_flag": 2, "change_message": "[{\"changed\": {\"fields\": [\"Permissions\"]}}]"}}, {"model": "admin.logentry", "pk": 277, "fields": {"action_time": "2024-12-01T08:41:25.943Z", "user": 1, "content_type": 3, "object_id": "1", "object_repr": "General", "action_flag": 2, "change_message": "[{\"changed\": {\"fields\": [\"Permissions\"]}}]"}}, {"model": "admin.logentry", "pk": 278, "fields": {"action_time": "2024-12-01T12:38:32.547Z", "user": 1, "content_type": 19, "object_id": "1", "object_repr": "Vocus", "action_flag": 1, "change_message": "[{\"added\": {}}]"}}, {"model": "admin.logentry", "pk": 279, "fields": {"action_time": "2024-12-01T12:39:12.619Z", "user": 1, "content_type": 20, "object_id": "1", "object_repr": "Backlog", "action_flag": 1, "change_message": "[{\"added\": {}}]"}}, {"model": "admin.logentry", "pk": 280, "fields": {"action_time": "2024-12-01T12:39:26.149Z", "user": 1, "content_type": 20, "object_id": "2", "object_repr": "Planning", "action_flag": 1, "change_message": "[{\"added\": {}}]"}}, {"model": "admin.logentry", "pk": 281, "fields": {"action_time": "2024-12-01T12:39:36.372Z", "user": 1, "content_type": 20, "object_id": "3", "object_repr": "Coding", "action_flag": 1, "change_message": "[{\"added\": {}}]"}}, {"model": "admin.logentry", "pk": 282, "fields": {"action_time": "2024-12-01T12:40:01.967Z", "user": 1, "content_type": 20, "object_id": "4", "object_repr": "Going to ST", "action_flag": 1, "change_message": "[{\"added\": {}}]"}}, {"model": "admin.logentry", "pk": 283, "fields": {"action_time": "2024-12-01T12:40:11.852Z", "user": 1, "content_type": 20, "object_id": "5", "object_repr": "Going to SIT", "action_flag": 1, "change_message": "[{\"added\": {}}]"}}, {"model": "admin.logentry", "pk": 284, "fields": {"action_time": "2024-12-01T12:40:22.879Z", "user": 1, "content_type": 20, "object_id": "6", "object_repr": "Closed", "action_flag": 1, "change_message": "[{\"added\": {}}]"}}, {"model": "admin.logentry", "pk": 285, "fields": {"action_time": "2024-12-01T12:42:02.477Z", "user": 1, "content_type": 21, "object_id": "1", "object_repr": "Capture MyDodoAnalytics/BI AWS", "action_flag": 1, "change_message": "[{\"added\": {}}]"}}, {"model": "admin.logentry", "pk": 286, "fields": {"action_time": "2024-12-01T12:43:33.891Z", "user": 1, "content_type": 21, "object_id": "2", "object_repr": "Energy", "action_flag": 1, "change_message": "[{\"added\": {}}]"}}, {"model": "admin.logentry", "pk": 287, "fields": {"action_time": "2024-12-01T12:44:07.531Z", "user": 1, "content_type": 21, "object_id": "3", "object_repr": "page on smaller screens", "action_flag": 1, "change_message": "[{\"added\": {}}]"}}, {"model": "admin.logentry", "pk": 288, "fields": {"action_time": "2024-12-01T12:44:29.636Z", "user": 1, "content_type": 21, "object_id": "4", "object_repr": "Proceed to Checkout", "action_flag": 1, "change_message": "[{\"added\": {}}]"}}, {"model": "admin.logentry", "pk": 289, "fields": {"action_time": "2024-12-01T12:44:54.903Z", "user": 1, "content_type": 21, "object_id": "5", "object_repr": "400 error on iprimus mobile Q1", "action_flag": 1, "change_message": "[{\"added\": {}}]"}}, {"model": "admin.logentry", "pk": 290, "fields": {"action_time": "2024-12-01T12:45:17.988Z", "user": 1, "content_type": 21, "object_id": "6", "object_repr": "Energy - URGENT", "action_flag": 1, "change_message": "[{\"added\": {}}]"}}, {"model": "admin.logentry", "pk": 291, "fields": {"action_time": "2024-12-01T12:46:26.296Z", "user": 1, "content_type": 19, "object_id": "2", "object_repr": "iWeb", "action_flag": 1, "change_message": "[{\"added\": {}}]"}}, {"model": "admin.logentry", "pk": 292, "fields": {"action_time": "2024-12-01T12:47:04.045Z", "user": 1, "content_type": 20, "object_id": "7", "object_repr": "Backlog", "action_flag": 1, "change_message": "[{\"added\": {}}]"}}, {"model": "admin.logentry", "pk": 293, "fields": {"action_time": "2024-12-01T12:47:19.312Z", "user": 1, "content_type": 20, "object_id": "8", "object_repr": "Clarified by Ado", "action_flag": 1, "change_message": "[{\"added\": {}}]"}}, {"model": "admin.logentry", "pk": 294, "fields": {"action_time": "2024-12-01T12:47:27.924Z", "user": 1, "content_type": 20, "object_id": "9", "object_repr": "Coding", "action_flag": 1, "change_message": "[{\"added\": {}}]"}}, {"model": "admin.logentry", "pk": 295, "fields": {"action_time": "2024-12-01T12:47:51.596Z", "user": 1, "content_type": 20, "object_id": "10", "object_repr": "Tested by Ado", "action_flag": 1, "change_message": "[{\"added\": {}}]"}}, {"model": "admin.logentry", "pk": 296, "fields": {"action_time": "2024-12-01T12:48:00.381Z", "user": 1, "content_type": 20, "object_id": "11", "object_repr": "Done", "action_flag": 1, "change_message": "[{\"added\": {}}]"}}, {"model": "admin.logentry", "pk": 297, "fields": {"action_time": "2024-12-01T12:49:16.806Z", "user": 1, "content_type": 8, "object_id": "11", "object_repr": "iWeb", "action_flag": 1, "change_message": "[{\"added\": {}}]"}}, {"model": "admin.logentry", "pk": 298, "fields": {"action_time": "2024-12-01T12:49:49.357Z", "user": 1, "content_type": 21, "object_id": "7", "object_repr": "Location Feature", "action_flag": 1, "change_message": "[{\"added\": {}}]"}}, {"model": "admin.logentry", "pk": 299, "fields": {"action_time": "2024-12-01T12:50:19.336Z", "user": 1, "content_type": 21, "object_id": "8", "object_repr": "Mailblast", "action_flag": 1, "change_message": "[{\"added\": {}}]"}}, {"model": "admin.logentry", "pk": 300, "fields": {"action_time": "2024-12-01T12:51:42.692Z", "user": 1, "content_type": 8, "object_id": "12", "object_repr": "Webtech intelligence", "action_flag": 1, "change_message": "[{\"added\": {}}]"}}, {"model": "admin.logentry", "pk": 301, "fields": {"action_time": "2024-12-01T12:52:25.459Z", "user": 1, "content_type": 19, "object_id": "3", "object_repr": "WisdomVault", "action_flag": 1, "change_message": "[{\"added\": {}}]"}}, {"model": "admin.logentry", "pk": 302, "fields": {"action_time": "2024-12-01T12:52:57.025Z", "user": 1, "content_type": 20, "object_id": "12", "object_repr": "Backlog", "action_flag": 1, "change_message": "[{\"added\": {}}]"}}, {"model": "admin.logentry", "pk": 303, "fields": {"action_time": "2024-12-01T12:53:04.948Z", "user": 1, "content_type": 20, "object_id": "13", "object_repr": "Active", "action_flag": 1, "change_message": "[{\"added\": {}}]"}}, {"model": "admin.logentry", "pk": 304, "fields": {"action_time": "2024-12-01T12:53:10.603Z", "user": 1, "content_type": 20, "object_id": "14", "object_repr": "Done", "action_flag": 1, "change_message": "[{\"added\": {}}]"}}, {"model": "admin.logentry", "pk": 305, "fields": {"action_time": "2024-12-01T12:53:24.938Z", "user": 1, "content_type": 21, "object_id": "9", "object_repr": "Kanban", "action_flag": 1, "change_message": "[{\"added\": {}}]"}}, {"model": "admin.logentry", "pk": 306, "fields": {"action_time": "2024-12-01T13:15:54.207Z", "user": 1, "content_type": 19, "object_id": "4", "object_repr": "Personal", "action_flag": 1, "change_message": "[{\"added\": {}}]"}}, {"model": "admin.logentry", "pk": 307, "fields": {"action_time": "2024-12-01T13:16:13.587Z", "user": 1, "content_type": 20, "object_id": "15", "object_repr": "Backlog", "action_flag": 1, "change_message": "[{\"added\": {}}]"}}, {"model": "admin.logentry", "pk": 308, "fields": {"action_time": "2024-12-01T13:16:21.468Z", "user": 1, "content_type": 20, "object_id": "16", "object_repr": "Active", "action_flag": 1, "change_message": "[{\"added\": {}}]"}}, {"model": "admin.logentry", "pk": 309, "fields": {"action_time": "2024-12-01T13:16:30.005Z", "user": 1, "content_type": 20, "object_id": "17", "object_repr": "Pending", "action_flag": 1, "change_message": "[{\"added\": {}}]"}}, {"model": "admin.logentry", "pk": 310, "fields": {"action_time": "2024-12-01T13:16:38.585Z", "user": 1, "content_type": 20, "object_id": "18", "object_repr": "Closed", "action_flag": 1, "change_message": "[{\"added\": {}}]"}}, {"model": "admin.logentry", "pk": 311, "fields": {"action_time": "2024-12-01T13:17:11.743Z", "user": 1, "content_type": 21, "object_id": "10", "object_repr": "Fix microwave", "action_flag": 1, "change_message": "[{\"added\": {}}]"}}, {"model": "admin.logentry", "pk": 312, "fields": {"action_time": "2024-12-01T13:17:30.603Z", "user": 1, "content_type": 21, "object_id": "11", "object_repr": "Wisdomvault", "action_flag": 1, "change_message": "[{\"added\": {}}]"}}, {"model": "admin.logentry", "pk": 313, "fields": {"action_time": "2024-12-01T13:18:13.332Z", "user": 1, "content_type": 21, "object_id": "12", "object_repr": "Amilyar-2023", "action_flag": 1, "change_message": "[{\"added\": {}}]"}}, {"model": "admin.logentry", "pk": 314, "fields": {"action_time": "2024-12-01T13:18:30.047Z", "user": 1, "content_type": 21, "object_id": "13", "object_repr": "Get Diploma", "action_flag": 1, "change_message": "[{\"added\": {}}]"}}, {"model": "admin.logentry", "pk": 315, "fields": {"action_time": "2024-12-01T13:19:07.946Z", "user": 1, "content_type": 21, "object_id": "14", "object_repr": "Lineage", "action_flag": 1, "change_message": "[{\"added\": {}}]"}}, {"model": "admin.logentry", "pk": 316, "fields": {"action_time": "2024-12-01T13:19:30.331Z", "user": 1, "content_type": 21, "object_id": "15", "object_repr": "Mina Implant", "action_flag": 1, "change_message": "[{\"added\": {}}]"}}, {"model": "admin.logentry", "pk": 317, "fields": {"action_time": "2024-12-01T13:20:26.973Z", "user": 1, "content_type": 21, "object_id": "16", "object_repr": "Make Sure papa is healed", "action_flag": 1, "change_message": "[{\"added\": {}}]"}}, {"model": "admin.logentry", "pk": 318, "fields": {"action_time": "2024-12-01T13:20:35.629Z", "user": 1, "content_type": 21, "object_id": "16", "object_repr": "Make Sure papa is healed", "action_flag": 2, "change_message": "[]"}}, {"model": "admin.logentry", "pk": 319, "fields": {"action_time": "2024-12-01T13:23:56.167Z", "user": 1, "content_type": 21, "object_id": "17", "object_repr": "Complete Phone Transition", "action_flag": 1, "change_message": "[{\"added\": {}}]"}}, {"model": "admin.logentry", "pk": 320, "fields": {"action_time": "2024-12-01T13:24:44.663Z", "user": 1, "content_type": 21, "object_id": "18", "object_repr": "Credit Check", "action_flag": 1, "change_message": "[{\"added\": {}}]"}}, {"model": "admin.logentry", "pk": 321, "fields": {"action_time": "2024-12-01T13:25:06.705Z", "user": 1, "content_type": 21, "object_id": "19", "object_repr": "Mina Surgery", "action_flag": 1, "change_message": "[{\"added\": {}}]"}}, {"model": "admin.logentry", "pk": 322, "fields": {"action_time": "2024-12-01T13:27:23.679Z", "user": 1, "content_type": 21, "object_id": "16", "object_repr": "Make Sure papa is healed", "action_flag": 2, "change_message": "[{\"changed\": {\"fields\": [\"Column\"]}}]"}}, {"model": "admin.logentry", "pk": 323, "fields": {"action_time": "2024-12-02T02:47:00.972Z", "user": 1, "content_type": 21, "object_id": "2", "object_repr": "Energy", "action_flag": 2, "change_message": "[{\"changed\": {\"fields\": [\"Description\"]}}]"}}, {"model": "admin.logentry", "pk": 324, "fields": {"action_time": "2024-12-02T04:10:39.593Z", "user": 1, "content_type": 21, "object_id": "2", "object_repr": "Energy", "action_flag": 2, "change_message": "[{\"changed\": {\"fields\": [\"Description\"]}}]"}}, {"model": "admin.logentry", "pk": 325, "fields": {"action_time": "2024-12-02T04:12:03.773Z", "user": 1, "content_type": 21, "object_id": "2", "object_repr": "Energy", "action_flag": 2, "change_message": "[]"}}, {"model": "admin.logentry", "pk": 326, "fields": {"action_time": "2024-12-02T04:17:25.135Z", "user": 1, "content_type": 21, "object_id": "18", "object_repr": "Credit Check", "action_flag": 2, "change_message": "[{\"changed\": {\"fields\": [\"Description\"]}}]"}}, {"model": "admin.logentry", "pk": 327, "fields": {"action_time": "2024-12-02T04:21:57.006Z", "user": 1, "content_type": 21, "object_id": "9", "object_repr": "Kanban", "action_flag": 2, "change_message": "[{\"changed\": {\"fields\": [\"Description\"]}}]"}}, {"model": "admin.logentry", "pk": 328, "fields": {"action_time": "2024-12-02T04:22:26.842Z", "user": 1, "content_type": 21, "object_id": "9", "object_repr": "Kanban", "action_flag": 2, "change_message": "[]"}}, {"model": "admin.logentry", "pk": 329, "fields": {"action_time": "2024-12-02T04:24:13.413Z", "user": 1, "content_type": 21, "object_id": "20", "object_repr": "Add Regular backup", "action_flag": 1, "change_message": "[{\"added\": {}}]"}}, {"model": "admin.logentry", "pk": 330, "fields": {"action_time": "2024-12-02T06:24:33.973Z", "user": 1, "content_type": 21, "object_id": "2", "object_repr": "Energy", "action_flag": 2, "change_message": "[{\"changed\": {\"fields\": [\"Description\"]}}]"}}, {"model": "admin.logentry", "pk": 331, "fields": {"action_time": "2024-12-02T07:56:47.284Z", "user": 1, "content_type": 21, "object_id": "21", "object_repr": "capture customer details", "action_flag": 1, "change_message": "[{\"added\": {}}]"}}, {"model": "admin.logentry", "pk": 332, "fields": {"action_time": "2024-12-02T07:57:31.213Z", "user": 1, "content_type": 21, "object_id": "21", "object_repr": "capture customer details", "action_flag": 2, "change_message": "[{\"changed\": {\"fields\": [\"Title\"]}}]"}}, {"model": "admin.logentry", "pk": 333, "fields": {"action_time": "2024-12-02T08:10:24.848Z", "user": 1, "content_type": 21, "object_id": "22", "object_repr": "Proof of ID", "action_flag": 1, "change_message": "[{\"added\": {}}]"}}, {"model": "admin.logentry", "pk": 334, "fields": {"action_time": "2024-12-02T08:11:11.593Z", "user": 1, "content_type": 21, "object_id": "23", "object_repr": " ABN Validation", "action_flag": 1, "change_message": "[{\"added\": {}}]"}}, {"model": "admin.logentry", "pk": 335, "fields": {"action_time": "2024-12-02T08:44:36.084Z", "user": 1, "content_type": 21, "object_id": "2", "object_repr": "Energy", "action_flag": 2, "change_message": "[{\"changed\": {\"fields\": [\"Description\"]}}]"}}, {"model": "admin.logentry", "pk": 336, "fields": {"action_time": "2024-12-03T00:35:07.436Z", "user": 1, "content_type": 21, "object_id": "11", "object_repr": "Wisdomvault", "action_flag": 3, "change_message": ""}}, {"model": "admin.logentry", "pk": 337, "fields": {"action_time": "2024-12-03T00:35:47.359Z", "user": 1, "content_type": 21, "object_id": "14", "object_repr": "Lineage", "action_flag": 2, "change_message": "[{\"changed\": {\"fields\": [\"Title\"]}}]"}}, {"model": "admin.logentry", "pk": 338, "fields": {"action_time": "2024-12-03T05:23:20.804Z", "user": 1, "content_type": 21, "object_id": "24", "object_repr": "Change oil 2024", "action_flag": 1, "change_message": "[{\"added\": {}}]"}}, {"model": "admin.logentry", "pk": 339, "fields": {"action_time": "2024-12-04T09:09:56.925Z", "user": 1, "content_type": 21, "object_id": "21", "object_repr": "capture customer details", "action_flag": 2, "change_message": "[{\"changed\": {\"fields\": [\"Description\"]}}]"}}, {"model": "admin.logentry", "pk": 340, "fields": {"action_time": "2024-12-04T09:14:59.272Z", "user": 1, "content_type": 21, "object_id": "21", "object_repr": "capture customer details", "action_flag": 2, "change_message": "[{\"changed\": {\"fields\": [\"Description\"]}}]"}}, {"model": "admin.logentry", "pk": 341, "fields": {"action_time": "2024-12-04T09:24:31.968Z", "user": 1, "content_type": 21, "object_id": "21", "object_repr": "capture customer details", "action_flag": 2, "change_message": "[{\"changed\": {\"fields\": [\"Description\"]}}]"}}, {"model": "admin.logentry", "pk": 342, "fields": {"action_time": "2024-12-05T07:11:29.079Z", "user": 1, "content_type": 21, "object_id": "21", "object_repr": "capture customer details", "action_flag": 2, "change_message": "[{\"changed\": {\"fields\": [\"Description\"]}}]"}}, {"model": "admin.logentry", "pk": 343, "fields": {"action_time": "2024-12-06T07:37:06.117Z", "user": 1, "content_type": 7, "object_id": "9", "object_repr": "General", "action_flag": 2, "change_message": "[{\"changed\": {\"fields\": [\"Question\"]}}]"}}, {"model": "admin.logentry", "pk": 344, "fields": {"action_time": "2024-12-08T22:34:24.663Z", "user": 1, "content_type": 7, "object_id": "9", "object_repr": "General", "action_flag": 2, "change_message": "[{\"changed\": {\"fields\": [\"Question\"]}}]"}}, {"model": "auth.permission", "pk": 1, "fields": {"name": "Can add log entry", "content_type": 1, "codename": "add_logentry"}}, {"model": "auth.permission", "pk": 2, "fields": {"name": "Can change log entry", "content_type": 1, "codename": "change_logentry"}}, {"model": "auth.permission", "pk": 3, "fields": {"name": "Can delete log entry", "content_type": 1, "codename": "delete_logentry"}}, {"model": "auth.permission", "pk": 4, "fields": {"name": "Can view log entry", "content_type": 1, "codename": "view_logentry"}}, {"model": "auth.permission", "pk": 5, "fields": {"name": "Can add permission", "content_type": 2, "codename": "add_permission"}}, {"model": "auth.permission", "pk": 6, "fields": {"name": "Can change permission", "content_type": 2, "codename": "change_permission"}}, {"model": "auth.permission", "pk": 7, "fields": {"name": "Can delete permission", "content_type": 2, "codename": "delete_permission"}}, {"model": "auth.permission", "pk": 8, "fields": {"name": "Can view permission", "content_type": 2, "codename": "view_permission"}}, {"model": "auth.permission", "pk": 9, "fields": {"name": "Can add group", "content_type": 3, "codename": "add_group"}}, {"model": "auth.permission", "pk": 10, "fields": {"name": "Can change group", "content_type": 3, "codename": "change_group"}}, {"model": "auth.permission", "pk": 11, "fields": {"name": "Can delete group", "content_type": 3, "codename": "delete_group"}}, {"model": "auth.permission", "pk": 12, "fields": {"name": "Can view group", "content_type": 3, "codename": "view_group"}}, {"model": "auth.permission", "pk": 13, "fields": {"name": "Can add user", "content_type": 4, "codename": "add_user"}}, {"model": "auth.permission", "pk": 14, "fields": {"name": "Can change user", "content_type": 4, "codename": "change_user"}}, {"model": "auth.permission", "pk": 15, "fields": {"name": "Can delete user", "content_type": 4, "codename": "delete_user"}}, {"model": "auth.permission", "pk": 16, "fields": {"name": "Can view user", "content_type": 4, "codename": "view_user"}}, {"model": "auth.permission", "pk": 17, "fields": {"name": "Can add content type", "content_type": 5, "codename": "add_contenttype"}}, {"model": "auth.permission", "pk": 18, "fields": {"name": "Can change content type", "content_type": 5, "codename": "change_contenttype"}}, {"model": "auth.permission", "pk": 19, "fields": {"name": "Can delete content type", "content_type": 5, "codename": "delete_contenttype"}}, {"model": "auth.permission", "pk": 20, "fields": {"name": "Can view content type", "content_type": 5, "codename": "view_contenttype"}}, {"model": "auth.permission", "pk": 21, "fields": {"name": "Can add session", "content_type": 6, "codename": "add_session"}}, {"model": "auth.permission", "pk": 22, "fields": {"name": "Can change session", "content_type": 6, "codename": "change_session"}}, {"model": "auth.permission", "pk": 23, "fields": {"name": "Can delete session", "content_type": 6, "codename": "delete_session"}}, {"model": "auth.permission", "pk": 24, "fields": {"name": "Can view session", "content_type": 6, "codename": "view_session"}}, {"model": "auth.permission", "pk": 25, "fields": {"name": "Can add question answer", "content_type": 7, "codename": "add_questionanswer"}}, {"model": "auth.permission", "pk": 26, "fields": {"name": "Can change question answer", "content_type": 7, "codename": "change_questionanswer"}}, {"model": "auth.permission", "pk": 27, "fields": {"name": "Can delete question answer", "content_type": 7, "codename": "delete_questionanswer"}}, {"model": "auth.permission", "pk": 28, "fields": {"name": "Can view question answer", "content_type": 7, "codename": "view_questionanswer"}}, {"model": "auth.permission", "pk": 29, "fields": {"name": "Can add note", "content_type": 8, "codename": "add_note"}}, {"model": "auth.permission", "pk": 30, "fields": {"name": "Can change note", "content_type": 8, "codename": "change_note"}}, {"model": "auth.permission", "pk": 31, "fields": {"name": "Can delete note", "content_type": 8, "codename": "delete_note"}}, {"model": "auth.permission", "pk": 32, "fields": {"name": "Can view note", "content_type": 8, "codename": "view_note"}}, {"model": "auth.permission", "pk": 33, "fields": {"name": "Can add email list", "content_type": 9, "codename": "add_emaillist"}}, {"model": "auth.permission", "pk": 34, "fields": {"name": "Can change email list", "content_type": 9, "codename": "change_emaillist"}}, {"model": "auth.permission", "pk": 35, "fields": {"name": "Can delete email list", "content_type": 9, "codename": "delete_emaillist"}}, {"model": "auth.permission", "pk": 36, "fields": {"name": "Can view email list", "content_type": 9, "codename": "view_emaillist"}}, {"model": "auth.permission", "pk": 37, "fields": {"name": "Can add email sent", "content_type": 10, "codename": "add_emailsent"}}, {"model": "auth.permission", "pk": 38, "fields": {"name": "Can change email sent", "content_type": 10, "codename": "change_emailsent"}}, {"model": "auth.permission", "pk": 39, "fields": {"name": "Can delete email sent", "content_type": 10, "codename": "delete_emailsent"}}, {"model": "auth.permission", "pk": 40, "fields": {"name": "Can view email sent", "content_type": 10, "codename": "view_emailsent"}}, {"model": "auth.permission", "pk": 41, "fields": {"name": "Can add category", "content_type": 11, "codename": "add_category"}}, {"model": "auth.permission", "pk": 42, "fields": {"name": "Can change category", "content_type": 11, "codename": "change_category"}}, {"model": "auth.permission", "pk": 43, "fields": {"name": "Can delete category", "content_type": 11, "codename": "delete_category"}}, {"model": "auth.permission", "pk": 44, "fields": {"name": "Can view category", "content_type": 11, "codename": "view_category"}}, {"model": "auth.permission", "pk": 45, "fields": {"name": "Can add grammar check", "content_type": 12, "codename": "add_grammarcheck"}}, {"model": "auth.permission", "pk": 46, "fields": {"name": "Can change grammar check", "content_type": 12, "codename": "change_grammarcheck"}}, {"model": "auth.permission", "pk": 47, "fields": {"name": "Can delete grammar check", "content_type": 12, "codename": "delete_grammarcheck"}}, {"model": "auth.permission", "pk": 48, "fields": {"name": "Can view grammar check", "content_type": 12, "codename": "view_grammarcheck"}}, {"model": "auth.permission", "pk": 49, "fields": {"name": "Can add site", "content_type": 13, "codename": "add_site"}}, {"model": "auth.permission", "pk": 50, "fields": {"name": "Can change site", "content_type": 13, "codename": "change_site"}}, {"model": "auth.permission", "pk": 51, "fields": {"name": "Can delete site", "content_type": 13, "codename": "delete_site"}}, {"model": "auth.permission", "pk": 52, "fields": {"name": "Can view site", "content_type": 13, "codename": "view_site"}}, {"model": "auth.permission", "pk": 53, "fields": {"name": "Can add email address", "content_type": 14, "codename": "add_emailaddress"}}, {"model": "auth.permission", "pk": 54, "fields": {"name": "Can change email address", "content_type": 14, "codename": "change_emailaddress"}}, {"model": "auth.permission", "pk": 55, "fields": {"name": "Can delete email address", "content_type": 14, "codename": "delete_emailaddress"}}, {"model": "auth.permission", "pk": 56, "fields": {"name": "Can view email address", "content_type": 14, "codename": "view_emailaddress"}}, {"model": "auth.permission", "pk": 57, "fields": {"name": "Can add email confirmation", "content_type": 15, "codename": "add_emailconfirmation"}}, {"model": "auth.permission", "pk": 58, "fields": {"name": "Can change email confirmation", "content_type": 15, "codename": "change_emailconfirmation"}}, {"model": "auth.permission", "pk": 59, "fields": {"name": "Can delete email confirmation", "content_type": 15, "codename": "delete_emailconfirmation"}}, {"model": "auth.permission", "pk": 60, "fields": {"name": "Can view email confirmation", "content_type": 15, "codename": "view_emailconfirmation"}}, {"model": "auth.permission", "pk": 61, "fields": {"name": "Can add social account", "content_type": 16, "codename": "add_socialaccount"}}, {"model": "auth.permission", "pk": 62, "fields": {"name": "Can change social account", "content_type": 16, "codename": "change_socialaccount"}}, {"model": "auth.permission", "pk": 63, "fields": {"name": "Can delete social account", "content_type": 16, "codename": "delete_socialaccount"}}, {"model": "auth.permission", "pk": 64, "fields": {"name": "Can view social account", "content_type": 16, "codename": "view_socialaccount"}}, {"model": "auth.permission", "pk": 65, "fields": {"name": "Can add social application", "content_type": 17, "codename": "add_socialapp"}}, {"model": "auth.permission", "pk": 66, "fields": {"name": "Can change social application", "content_type": 17, "codename": "change_socialapp"}}, {"model": "auth.permission", "pk": 67, "fields": {"name": "Can delete social application", "content_type": 17, "codename": "delete_socialapp"}}, {"model": "auth.permission", "pk": 68, "fields": {"name": "Can view social application", "content_type": 17, "codename": "view_socialapp"}}, {"model": "auth.permission", "pk": 69, "fields": {"name": "Can add social application token", "content_type": 18, "codename": "add_socialtoken"}}, {"model": "auth.permission", "pk": 70, "fields": {"name": "Can change social application token", "content_type": 18, "codename": "change_socialtoken"}}, {"model": "auth.permission", "pk": 71, "fields": {"name": "Can delete social application token", "content_type": 18, "codename": "delete_socialtoken"}}, {"model": "auth.permission", "pk": 72, "fields": {"name": "Can view social application token", "content_type": 18, "codename": "view_socialtoken"}}, {"model": "auth.permission", "pk": 73, "fields": {"name": "Can add board", "content_type": 19, "codename": "add_board"}}, {"model": "auth.permission", "pk": 74, "fields": {"name": "Can change board", "content_type": 19, "codename": "change_board"}}, {"model": "auth.permission", "pk": 75, "fields": {"name": "Can delete board", "content_type": 19, "codename": "delete_board"}}, {"model": "auth.permission", "pk": 76, "fields": {"name": "Can view board", "content_type": 19, "codename": "view_board"}}, {"model": "auth.permission", "pk": 77, "fields": {"name": "Can add column", "content_type": 20, "codename": "add_column"}}, {"model": "auth.permission", "pk": 78, "fields": {"name": "Can change column", "content_type": 20, "codename": "change_column"}}, {"model": "auth.permission", "pk": 79, "fields": {"name": "Can delete column", "content_type": 20, "codename": "delete_column"}}, {"model": "auth.permission", "pk": 80, "fields": {"name": "Can view column", "content_type": 20, "codename": "view_column"}}, {"model": "auth.permission", "pk": 81, "fields": {"name": "Can add task", "content_type": 21, "codename": "add_task"}}, {"model": "auth.permission", "pk": 82, "fields": {"name": "Can change task", "content_type": 21, "codename": "change_task"}}, {"model": "auth.permission", "pk": 83, "fields": {"name": "Can delete task", "content_type": 21, "codename": "delete_task"}}, {"model": "auth.permission", "pk": 84, "fields": {"name": "Can view task", "content_type": 21, "codename": "view_task"}}, {"model": "auth.group", "pk": 1, "fields": {"name": "General", "permissions": [25, 26, 27, 28, 45, 46, 47, 48, 73, 74, 75, 76, 77, 78, 79, 80, 81, 82, 83, 84, 29, 30, 31, 32]}}, {"model": "auth.group", "pk": 2, "fields": {"name": "Family", "permissions": [25, 26, 27, 28, 45, 46, 47, 48, 73, 74, 75, 76, 77, 78, 79, 80, 81, 82, 83, 84, 29, 30, 31, 32]}}, {"model": "auth.user", "pk": 1, "fields": {"password": "pbkdf2_sha256$600000$ljQqp3ladxsUCiMRu6fBF3$T+eEn3E8nbscH5dGylLFZU7RXd5uEZAoeQwo5V2X0Ag=", "last_login": "2024-12-12T00:11:23.078Z", "is_superuser": true, "username": "cyddalupan", "first_name": "", "last_name": "", "email": "cydmdalupan@gmail.com", "is_staff": true, "is_active": true, "date_joined": "2024-10-30T03:59:58.120Z", "groups": [], "user_permissions": []}}, {"model": "auth.user", "pk": 2, "fields": {"password": "pbkdf2_sha256$600000$H8IMeA1zL9QIKvVJF8GPQI$/qLPFWT1YrpRmo5qllLWWanHJOzZd60sv8zYkBggyEE=", "last_login": "2024-11-04T09:39:37.162Z", "is_superuser": false, "username": "cydcyd", "first_name": "", "last_name": "", "email": "", "is_staff": true, "is_active": true, "date_joined": "2024-11-04T07:58:07Z", "groups": [1], "user_permissions": []}}, {"model": "auth.user", "pk": 3, "fields": {"password": "pbkdf2_sha256$600000$K9LzMLgdq8EzOdQI21lW3g$ewUbnxUV/anAsgvtft59UmxoSFp1ZceBl7qw3Q87Wls=", "last_login": "2024-11-10T00:17:18.629Z", "is_superuser": false, "username": "adonis", "first_name": "Adonis", "last_name": "Canete", "email": "", "is_staff": true, "is_active": true, "date_joined": "2024-11-04T08:04:54Z", "groups": [1], "user_permissions": [33, 34, 35, 36, 37, 38, 39, 40]}}, {"model": "auth.user", "pk": 4, "fields": {"password": "pbkdf2_sha256$600000$WeioOxGdclTels6LE8t9Xm$iNs52DyYpP5+070Rj+oltqc+DratxJ0dfWwtuy1/8xw=", "last_login": "2024-11-17T08:42:14.035Z", "is_superuser": false, "username": "josh", "first_name": "Josh", "last_name": "Canson", "email": "", "is_staff": true, "is_active": true, "date_joined": "2024-11-04T08:36:18Z", "groups": [1], "user_permissions": []}}, {"model": "auth.user", "pk": 5, "fields": {"password": "pbkdf2_sha256$600000$2XLhmk6WB99MeK0AXmU0wZ$3Vl2pZOyt7N2oYt7iyTxjJw+xbsnzUOpKYG3Lcv3T+o=", "last_login": null, "is_superuser": false, "username": "owen", "first_name": "Owen", "last_name": "Baisa", "email": "", "is_staff": true, "is_active": true, "date_joined": "2024-11-04T08:45:53Z", "groups": [2], "user_permissions": []}}, {"model": "auth.user", "pk": 6, "fields": {"password": "pbkdf2_sha256$600000$clTZ8rfUcubiKEYyXBLJnz$OEBdNijiMdrSlbPElDYzz79KiS4Ip/LYAXXRqvwZ3yI=", "last_login": "2024-11-04T23:17:04.185Z", "is_superuser": false, "username": "guia", "first_name": "Guia", "last_name": "Baisa", "email": "", "is_staff": true, "is_active": true, "date_joined": "2024-11-04T08:48:18Z", "groups": [2], "user_permissions": []}}, {"model": "auth.user", "pk": 7, "fields": {"password": "pbkdf2_sha256$600000$GGFypdfVFQz3QxlcLbG6Bx$MrGyeP9wDLTZ7EGooyC5orHB8qwjlyCUdqwCAjlpkKs=", "last_login": null, "is_superuser": false, "username": "mengs", "first_name": "mengs", "last_name": "tuazon", "email": "", "is_staff": true, "is_active": true, "date_joined": "2024-11-04T08:49:24Z", "groups": [2], "user_permissions": []}}, {"model": "auth.user", "pk": 8, "fields": {"password": "pbkdf2_sha256$600000$r7Fx2MxiNyVmX9CG8APNVy$HmpGEa75Eoem2ppqtCJ5i8DNzeQeNRgxDnqj7nOt8w0=", "last_login": null, "is_superuser": false, "username": "chie", "first_name": "chie", "last_name": "dalupan", "email": "", "is_staff": true, "is_active": true, "date_joined": "2024-11-04T08:51:33Z", "groups": [2], "user_permissions": []}}, {"model": "auth.user", "pk": 9, "fields": {"password": "pbkdf2_sha256$600000$Fjz9ctlClVmdg5M0bniafa$a2orUaceGSq3DGyF7nvcgbGjII9Q6QcVbeiux21zLOQ=", "last_login": "2024-11-17T08:41:51.945Z", "is_superuser": false, "username": "ethan", "first_name": "ethan", "last_name": "aquino", "email": "", "is_staff": true, "is_active": true, "date_joined": "2024-11-04T08:52:56Z", "groups": [2], "user_permissions": []}}, {"model": "auth.user", "pk": 10, "fields": {"password": "pbkdf2_sha256$600000$GbnTKkM8VfwOicI0yFu5YM$R43rscTv2cwxJHcIFhvqE/S9rHCrvBEpokDuFKTnw+c=", "last_login": null, "is_superuser": false, "username": "amiel", "first_name": "amiel", "last_name": "tuazon", "email": "", "is_staff": true, "is_active": true, "date_joined": "2024-11-04T08:53:55Z", "groups": [2], "user_permissions": []}}, {"model": "auth.user", "pk": 11, "fields": {"password": "pbkdf2_sha256$600000$T6UORuUxSIN6G5eu0jf4bq$z4zD+AAtpptlF4EIA/KOdZSx6diWf3qqB/HFpKaZxHE=", "last_login": null, "is_superuser": false, "username": "kyle", "first_name": "kyle", "last_name": "aquino", "email": "", "is_staff": true, "is_active": true, "date_joined": "2024-11-04T08:55:10Z", "groups": [2], "user_permissions": []}}, {"model": "auth.user", "pk": 12, "fields": {"password": "pbkdf2_sha256$600000$ZZzol1YlZI8TMCYksIldJv$cgiR65HnR5+88796yJGG4wXaOank7mSYbL2Maz8ILDk=", "last_login": "2024-11-28T03:15:08.324Z", "is_superuser": false, "username": "andrew", "first_name": "Andrew", "last_name": "Contreras", "email": "", "is_staff": true, "is_active": true, "date_joined": "2024-11-10T06:39:21Z", "groups": [2], "user_permissions": []}}, {"model": "auth.user", "pk": 13, "fields": {"password": "pbkdf2_sha256$600000$JARK0af51g5Sz17qzScaec$AKfNxT2+I4pByEv7haGO647D4RVB8rWHMluICgLhJLM=", "last_login": "2024-11-10T08:46:43.674Z", "is_superuser": false, "username": "makmak", "first_name": "Mark", "last_name": "Angeles", "email": "", "is_staff": true, "is_active": true, "date_joined": "2024-11-10T06:42:42Z", "groups": [2], "user_permissions": []}}, {"model": "auth.user", "pk": 14, "fields": {"password": "pbkdf2_sha256$600000$pl0pkpwTismDXNORwNKEL8$kt4w/A9emZpsWoUkHFLxzWwtN5pKMFFekC3TMva8o3c=", "last_login": "2024-12-16T02:54:09.899Z", "is_superuser": false, "username": "paolo", "first_name": "Paolo", "last_name": "Costodio", "email": "", "is_staff": true, "is_active": true, "date_joined": "2024-11-28T02:24:22Z", "groups": [1], "user_permissions": []}}, {"model": "auth.user", "pk": 15, "fields": {"password": "pbkdf2_sha256$600000$RgA42UtcTHgDP0YdMaq05c$CyosZaUF5kT9yaFnC0c3dj6o0lPHYK9ZZ/GIqRupTRs=", "last_login": "2024-12-09T03:02:49.799Z", "is_superuser": false, "username": "glen", "first_name": "Glen", "last_name": "Reyes", "email": "", "is_staff": true, "is_active": true, "date_joined": "2024-11-28T03:07:26Z", "groups": [1], "user_permissions": []}}, {"model": "auth.user", "pk": 16, "fields": {"password": "pbkdf2_sha256$600000$eL5UQHPAeTfSLjKEI2h2J2$yvZ0NBzaIc0cXMUsM3OoumZaQjzlDKbGAFkdZ/Pjv+4=", "last_login": "2024-11-28T04:42:05.944Z", "is_superuser": false, "username": "mark", "first_name": "Mark", "last_name": "Carilo", "email": "", "is_staff": true, "is_active": true, "date_joined": "2024-11-28T03:09:05Z", "groups": [1], "user_permissions": []}}, {"model": "contenttypes.contenttype", "pk": 1, "fields": {"app_label": "admin", "model": "logentry"}}, {"model": "contenttypes.contenttype", "pk": 2, "fields": {"app_label": "auth", "model": "permission"}}, {"model": "contenttypes.contenttype", "pk": 3, "fields": {"app_label": "auth", "model": "group"}}, {"model": "contenttypes.contenttype", "pk": 4, "fields": {"app_label": "auth", "model": "user"}}, {"model": "contenttypes.contenttype", "pk": 5, "fields": {"app_label": "contenttypes", "model": "contenttype"}}, {"model": "contenttypes.contenttype", "pk": 6, "fields": {"app_label": "sessions", "model": "session"}}, {"model": "contenttypes.contenttype", "pk": 7, "fields": {"app_label": "answer", "model": "questionanswer"}}, {"model": "contenttypes.contenttype", "pk": 8, "fields": {"app_label": "note", "model": "note"}}, {"model": "contenttypes.contenttype", "pk": 9, "fields": {"app_label": "emailer", "model": "emaillist"}}, {"model": "contenttypes.contenttype", "pk": 10, "fields": {"app_label": "emailer", "model": "emailsent"}}, {"model": "contenttypes.contenttype", "pk": 11, "fields": {"app_label": "emailer", "model": "category"}}, {"model": "contenttypes.contenttype", "pk": 12, "fields": {"app_label": "grammar_check", "model": "grammarcheck"}}, {"model": "contenttypes.contenttype", "pk": 13, "fields": {"app_label": "sites", "model": "site"}}, {"model": "contenttypes.contenttype", "pk": 14, "fields": {"app_label": "account", "model": "emailaddress"}}, {"model": "contenttypes.contenttype", "pk": 15, "fields": {"app_label": "account", "model": "emailconfirmation"}}, {"model": "contenttypes.contenttype", "pk": 16, "fields": {"app_label": "socialaccount", "model": "socialaccount"}}, {"model": "contenttypes.contenttype", "pk": 17, "fields": {"app_label": "socialaccount", "model": "socialapp"}}, {"model": "contenttypes.contenttype", "pk": 18, "fields": {"app_label": "socialaccount", "model": "socialtoken"}}, {"model": "contenttypes.contenttype", "pk": 19, "fields": {"app_label": "kanbanapp", "model": "board"}}, {"model": "contenttypes.contenttype", "pk": 20, "fields": {"app_label": "kanbanapp", "model": "column"}}, {"model": "contenttypes.contenttype", "pk": 21, "fields": {"app_label": "kanbanapp", "model": "task"}}, {"model": "sessions.session", "pk": "254hfdl2w1qd2jcj6k98vlhqaceqvd28", "fields": {"session_data": ".eJxVjEEOwiAQRe_C2pCBQgsu3XsGMgODVA0kpV0Z765NutDtf-_9lwi4rSVsnZcwJ3EWSpx-N8L44LqDdMd6azK2ui4zyV2RB-3y2hI_L4f7d1Cwl2_teEJKZszZsYrWenAjAFiXkfxknNfAYDFlw84MjGrQqCEnowZPlK14fwDiqDfT:1t8pZz:rVYKpM-qTeGtdZpbShVTuYU5c2CqPWFjQC5XVWu9y2s", "expire_date": "2024-11-20T23:36:51.691Z"}}, {"model": "sessions.session", "pk": "3cuvrsggiosshwbmggxkwycknr67anhs", "fields": {"session_data": ".eJxVjMsOwiAQRf-FtSHAQAsu3fsNzQwzSNXQpI-V8d-1SRe6veec-1IDbmsdtkXmYWR1Vjao0-9ImB_SdsJ3bLdJ56mt80h6V_RBF32dWJ6Xw_07qLjUb00YOjDGeldSJDBMwWZBZ7xxHSTvGSwVkGxSDGDFWRDqI3LhPpXYq_cH65E3lw:1tGUtJ:EN2ZrcawBx28ajPx_JguLrOBQo-KUdli04U9OCK_I-M", "expire_date": "2024-12-12T03:08:29.130Z"}}, {"model": "sessions.session", "pk": "52pvsd2lgw4g7y1wddjokp4wwixyhuvk", "fields": {"session_data": ".eJxVjMsOwiAQAP-FsyGAlIdH734DWXYXqRpISnsy_rtp0oNeZybzFgm2taZt8JJmEhehxemXZcAnt13QA9q9S-xtXeYs90QedshbJ35dj_ZvUGHUfeuwEBYdyQKHGFC5jDRZixZ8UKCiIeW9js6yBwBjdCxqOmcbi2GexOcL9bI4BA:1t9d37:tfl0Z3BXWbglYByX-jsr33Bb15dmUZUiE8GEKnR-qq0", "expire_date": "2024-11-23T04:26:13.413Z"}}, {"model": "sessions.session", "pk": "552jm8dp41cjshiijd8vw3ke4l0vt7qw", "fields": {"session_data": ".eJxVjDsOwjAUBO_iGlnxL44p6TmD9dYfHEC2FCcV4u4QKQW0OzP7Yp62tfitp8XPkZ2ZkOz0O4LCI9WdxDvVW-Oh1XWZwXeFH7Tza4vpeTncv4NCvXzrnKNSbgIECAhDMtli0oPWpJ1RzgBSIxoSMutgJYQNyWYYY3OQ48jeHyw8OL4:1tA3az:kNVll_PMsPmROWwQ7pUlzeLHs4GSOe9SEJNYxTOS5Fs", "expire_date": "2024-11-24T08:46:57.974Z"}}, {"model": "sessions.session", "pk": "5j8vk1oeti738sge8zu3xqbrjbvtoa68", "fields": {"session_data": ".eJxVjMEOwiAQRP-FsyGsXaB49N5vIAuLUjWQlPZk_Hdp0oPeJjNv3lt42tbst5YWP7O4CEBx-i0DxWcq-8IPKvcqYy3rMge5I_JYm5wqp9f1YP8EmVrub5UYNCCic2Mw55EGA8pyT0YPxOxYB6tvqhsDGbQKhkgugTURo4tJfL7naDfV:1tGUEY:xZ5Y-7He2vzgn-LAWh1_yLUsIdM3cBaXwFJiDCgkFSM", "expire_date": "2024-12-12T02:26:22.186Z"}}, {"model": "sessions.session", "pk": "65ptqdusuhircp2hnxg7zm2x349ho8vu", "fields": {"session_data": ".eJxVjMsOwiAQAP-FsyGAlIdH734DWXYXqRpISnsy_rtp0oNeZybzFgm2taZt8JJmEhehxemXZcAnt13QA9q9S-xtXeYs90QedshbJ35dj_ZvUGHUfeuwEBYdyQKHGFC5jDRZixZ8UKCiIeW9js6yBwBjdCxqOmcbi2GexOcL9bI4BA:1t8uoA:vNaTImKDvELb__u3wREuYcULiKLq5TdKsJXYnfjNGa0", "expire_date": "2024-11-21T05:11:50.573Z"}}, {"model": "sessions.session", "pk": "9h8lts8niszry1iywwtm7jx5k4n7vv9j", "fields": {"session_data": ".eJxVjMsOwiAQRf-FtSEDdBhw6d5vIMAMtmrapI-V8d-1SRe6veec-1Ipb2uftkXmNLA6K-PU6XcsuT5k3Anf83ibdJ3GdR6K3hV90EVfJ5bn5XD_Dvq89N_a12AhMkOU3EA8kLXOoEMOJL5riIWhFSQTEDtLDgkgthiE2LjK6v0B6kE3Jg:1tA1uB:Vv0oT_3IPLvKzqN2aOnxmHCVWCWVy9XzJ24BzDp3Qs4", "expire_date": "2024-11-24T06:58:39.881Z"}}, {"model": "sessions.session", "pk": "9sy9hxm5l1fmu3repeq5oukojuwdmpyl", "fields": {"session_data": ".eJxVjMsOwiAQRf-FtSHA8HTpvt9AgBmlaiAp7cr479qkC93ec859sZi2tcZt0BJnZGcm2el3y6k8qO0A76ndOi-9rcuc-a7wgw4-daTn5XD_Dmoa9VuDNBAQrS-JhE9kpbrmYgxAEB4VkiSSCME6p4ulIIwGCc4qUgpQF_b-ANotN0Q:1tBWOL:yaMOI74pgNOg_Ka2ZsgTKA9pfGgJUFkMsqPVGoRGVss", "expire_date": "2024-11-28T09:43:57.160Z"}}, {"model": "sessions.session", "pk": "9vq92ntb9wpzqu48mc5c6je089vurude", "fields": {"session_data": ".eJxVjMsOwiAQRf-FtSHA8HTpvt9AgBmlaiAp7cr479qkC93ec859sZi2tcZt0BJnZGcm2el3y6k8qO0A76ndOi-9rcuc-a7wgw4-daTn5XD_Dmoa9VuDNBAQrS-JhE9kpbrmYgxAEB4VkiSSCME6p4ulIIwGCc4qUgpQF_b-ANotN0Q:1tLWnb:dTWK3HKxHZosf5gBX9G6zJ94Hzbh31Xk8gDySeQpV3I", "expire_date": "2024-12-26T00:11:23.081Z"}}, {"model": "sessions.session", "pk": "b9supj1grn5xcwpszofdbprqvsbzf5ew", "fields": {"session_data": ".eJxVjMsOwiAQRf-FtSHA8HTpvt9AgBmlaiAp7cr479qkC93ec859sZi2tcZt0BJnZGcm2el3y6k8qO0A76ndOi-9rcuc-a7wgw4-daTn5XD_Dmoa9VuDNBAQrS-JhE9kpbrmYgxAEB4VkiSSCME6p4ulIIwGCc4qUgpQF_b-ANotN0Q:1tG9bv:5pamIF8Ys_lH2NzzZdj5PJzjGboApd5klk7VHxO7lVg", "expire_date": "2024-12-11T04:25:07.739Z"}}, {"model": "sessions.session", "pk": "bbjktw8rmv4p5p75joqe2qzdx5uaauqy", "fields": {"session_data": ".eJxVjEEOwiAQRe_C2hCmA5S4dO8ZyDAMUjU0Ke3KeHdt0oVu_3vvv1Skba1x67LEKauzAnX63RLxQ9oO8p3abdY8t3WZkt4VfdCur3OW5-Vw_w4q9fqti2EvHpAEBhqdwyKYwCIWU4KHwTIDOTQiIXkyNgfODgInhJEyoHp_AOHtN94:1t7sY6:wnJylrhzezwFDb1sSk2z9fSPeT9qk_e51aNRpPnZ3pM", "expire_date": "2024-11-18T08:34:58.091Z"}}, {"model": "sessions.session", "pk": "bpjxuxd3ceh8hnn752ukqxmn20uuw280", "fields": {"session_data": ".eJxVjMsOwiAQRf-FtSGQKY9x6d5vIMMAUjWQlHZl_Hdt0oVu7znnvkSgba1hG3kJcxJnAeL0u0XiR247SHdqty65t3WZo9wVedAhrz3l5-Vw_w4qjfqts_aT88BUrALDk00OvSGVFFrOHBNY0IDABZW2phjnUYMqkE1BIhLvD9A6N4Q:1t9jyH:dMFC97CEE009cCBUpEf_uMc6i1IkhNdUks2JkccomD8", "expire_date": "2024-11-23T11:49:41.197Z"}}, {"model": "sessions.session", "pk": "ft6spjydumydvt0a12l3f3jpa6bnoaq3", "fields": {"session_data": ".eJxVjMsOwiAQRf-FtSHAQAsu3fsNzQwzSNXQpI-V8d-1SRe6veec-1IDbmsdtkXmYWR1Vjao0-9ImB_SdsJ3bLdJ56mt80h6V_RBF32dWJ6Xw_07qLjUb00YOjDGeldSJDBMwWZBZ7xxHSTvGSwVkGxSDGDFWRDqI3LhPpXYq_cH65E3lw:1tKU2r:ZyLnKe49RNzG9p2lUB95m8Cx8CYMgFOj16Wi8Cckg6Y", "expire_date": "2024-12-23T03:02:49.801Z"}}, {"model": "sessions.session", "pk": "g6z19lcntrj8jo9nylg6r5q3s6p1kx6p", "fields": {"session_data": ".eJxVjMsOwiAQRf-FtSHA8HTpvt9AgBmlaiAp7cr479qkC93ec859sZi2tcZt0BJnZGcm2el3y6k8qO0A76ndOi-9rcuc-a7wgw4-daTn5XD_Dmoa9VuDNBAQrS-JhE9kpbrmYgxAEB4VkiSSCME6p4ulIIwGCc4qUgpQF_b-ANotN0Q:1tHE05:Kcdhic51TEU0vc-SKFPyKTu7OENAshj2Cl0Fa5d7SBI", "expire_date": "2024-12-14T03:18:29.166Z"}}, {"model": "sessions.session", "pk": "grhxu43u72h0ln6meucjmb10y6wi2wra", "fields": {"session_data": ".eJxVjDsOwjAQBe_iGlnrv0xJzxmsXa-DA8iW4qRC3B0ipYD2zcx7iYTbWtM2ypJmFmfhxel3I8yP0nbAd2y3LnNv6zKT3BV50CGvncvzcrh_BxVH_dbOeMeayAAAYYRCGihrdMzKc9TkAhNMQUcb2CmwANFl66egoiGfxfsD2u03Vw:1t86Jk:aKyK3R912PA_2VWIkwtg3FnW1aVfjLLIg9rDjWK6HIU", "expire_date": "2024-11-18T23:17:04.189Z"}}, {"model": "sessions.session", "pk": "hk11l7i9ckx9in3b8jf6zbyo74s9zuq9", "fields": {"session_data": ".eJxVjMEOwiAQRP-FsyGsXaB49N5vIAuLUjWQlPZk_Hdp0oPeJjNv3lt42tbst5YWP7O4CEBx-i0DxWcq-8IPKvcqYy3rMge5I_JYm5wqp9f1YP8EmVrub5UYNCCic2Mw55EGA8pyT0YPxOxYB6tvqhsDGbQKhkgugTURo4tJfL7naDfV:1tN1FJ:C1Rt0Ir-7xEmctUIpeQdJbK0gi_o9NZ_jtvQ5XOrtQU", "expire_date": "2024-12-30T02:54:09.903Z"}}, {"model": "sessions.session", "pk": "hokzqf6lu08rn1jdayelj814q2tvdahu", "fields": {"session_data": ".eJxVjMsOwiAQAP-FsyGAlIdH734DWXYXqRpISnsy_rtp0oNeZybzFgm2taZt8JJmEhehxemXZcAnt13QA9q9S-xtXeYs90QedshbJ35dj_ZvUGHUfeuwEBYdyQKHGFC5jDRZixZ8UKCiIeW9js6yBwBjdCxqOmcbi2GexOcL9bI4BA:1t9MPF:_tmFay1Xlvs9ZgYyxwEKRmpgV43lPq1aZBCx9K593rU", "expire_date": "2024-11-22T10:39:57.090Z"}}, {"model": "sessions.session", "pk": "jqsezmelgrgptr0sg1jvxfeo7q74wyum", "fields": {"session_data": ".eJxVjMsOwiAQRf-FtSEDdBhw6d5vIMAMtmrapI-V8d-1SRe6veec-1Ipb2uftkXmNLA6K-PU6XcsuT5k3Anf83ibdJ3GdR6K3hV90EVfJ5bn5XD_Dvq89N_a12AhMkOU3EA8kLXOoEMOJL5riIWhFSQTEDtLDgkgthiE2LjK6v0B6kE3Jg:1tA20r:-aMm_9t6Ja7cMrkT2YUzOCZqyym1Ao2GditfIixBcsA", "expire_date": "2024-11-24T07:05:33.381Z"}}, {"model": "sessions.session", "pk": "miafflqgpwwwy2g3pcxix2dzt86xvahu", "fields": {"session_data": ".eJxVjDsOwjAQBe_iGln-xD9K-pzBWnsXHEC2FCcV4u5gKQW0b2bei0XYtxL3TmtckJ2ZtOz0OybID6qD4B3qrfHc6rYuiQ-FH7TzuSE9L4f7d1Cgl29NciIZMjgTYLJJaUsofEIjiYQ3znhAl3JSgbJWWgQchfPGO7JwVez9ARFgOEY:1tGWLt:rYMJ-uic-43tys1R2l4L7kTmBhLwvMU6hEnZD8_S3Nk", "expire_date": "2024-12-12T04:42:05.947Z"}}, {"model": "sessions.session", "pk": "mygesasz76lk25kbyfpznc2b40exljuh", "fields": {"session_data": ".eJxVjMsOwiAQRf-FtSHA8HTpvt9AgBmlaiAp7cr479qkC93ec859sZi2tcZt0BJnZGcm2el3y6k8qO0A76ndOi-9rcuc-a7wgw4-daTn5XD_Dmoa9VuDNBAQrS-JhE9kpbrmYgxAEB4VkiSSCME6p4ulIIwGCc4qUgpQF_b-ANotN0Q:1tGV03:mRRvHnfA5Ti6QjMvwWlS-Fb2JXZL5Nw4T-arWVgqNdk", "expire_date": "2024-12-12T03:15:27.520Z"}}, {"model": "sessions.session", "pk": "opyfpgf24myb012tlyi8cp4ojimamqb8", "fields": {"session_data": ".eJxVjDsOwjAUBO_iGlnxL44p6TmD9dYfHEC2FCcV4u4QKQW0OzP7Yp62tfitp8XPkZ2ZkOz0O4LCI9WdxDvVW-Oh1XWZwXeFH7Tza4vpeTncv4NCvXzrnKNSbgIECAhDMtli0oPWpJ1RzgBSIxoSMutgJYQNyWYYY3OQ48jeHyw8OL4:1tA3ga:uKNrUB17RZ-AmahMuld7T3mEy0siGyFsodXrvBQLL2s", "expire_date": "2024-11-24T08:52:44.596Z"}}, {"model": "sessions.session", "pk": "p30cpg1vvw8mwozmyjr51mdbpnbpcf32", "fields": {"session_data": ".eJxVjMsOwiAQRf-FtSHQ4enSvd9AgBmkaiAp7cr479qkC93ec859sRC3tYZt0BJmZGem2Ol3SzE_qO0A77HdOs-9rcuc-K7wgw5-7UjPy-H-HdQ46re22QgLKTs7eZeK09p5QGW9SGqyWZhS0CH4IiKCJgJD0pOySUiQWSn2_gDPfjde:1tCarG:DZOupj9vUzXEsbpjiHr-OC6jno2cZtbVsTPQXXHC4YY", "expire_date": "2024-12-01T08:42:14.037Z"}}, {"model": "sessions.session", "pk": "rgsdg6cgp1h4fuqkwhqdal4btnepspwm", "fields": {"session_data": ".eJxVjMsOwiAQRf-FtSGQKY9x6d5vIMMAUjWQlHZl_Hdt0oVu7znnvkSgba1hG3kJcxJnAeL0u0XiR247SHdqty65t3WZo9wVedAhrz3l5-Vw_w4qjfqts_aT88BUrALDk00OvSGVFFrOHBNY0IDABZW2phjnUYMqkE1BIhLvD9A6N4Q:1t9vdm:6PQ0Vs8EN2tTbnW9rjU22Zi7eMCsT13etbT2TB4gJgs", "expire_date": "2024-11-24T00:17:18.631Z"}}, {"model": "sessions.session", "pk": "sb3er6jluwscwwksi131xzonh8d69z34", "fields": {"session_data": ".eJxVjMsOwiAQRf-FtSHAQAsu3fsNzQwzSNXQpI-V8d-1SRe6veec-1IDbmsdtkXmYWR1Vjao0-9ImB_SdsJ3bLdJ56mt80h6V_RBF32dWJ6Xw_07qLjUb00YOjDGeldSJDBMwWZBZ7xxHSTvGSwVkGxSDGDFWRDqI3LhPpXYq_cH65E3lw:1tJOxz:Bx477rpvfsID-hLQ2E2X1XQP8byNZ8JMF_kw-lJrETg", "expire_date": "2024-12-20T03:25:19.194Z"}}, {"model": "sessions.session", "pk": "svpv5uszscnvpg9if7vt2czcy2d7xnan", "fields": {"session_data": ".eJxVjMsOwiAQRf-FtSHA8HTpvt9AgBmlaiAp7cr479qkC93ec859sZi2tcZt0BJnZGcm2el3y6k8qO0A76ndOi-9rcuc-a7wgw4-daTn5XD_Dmoa9VuDNBAQrS-JhE9kpbrmYgxAEB4VkiSSCME6p4ulIIwGCc4qUgpQF_b-ANotN0Q:1tAPF5:ck0qcvkbojBevVs-8uOZSDGtUEAy6NO8ntJt8E1Ukng", "expire_date": "2024-11-25T07:53:47.238Z"}}, {"model": "sessions.session", "pk": "t4l2nhzpletghkaeq2orim3trg6vhsi6", "fields": {"session_data": ".eJxVjMsOwiAQRf-FtSHA8HTpvt9AgBmlaiAp7cr479qkC93ec859sZi2tcZt0BJnZGcm2el3y6k8qO0A76ndOi-9rcuc-a7wgw4-daTn5XD_Dmoa9VuDNBAQrS-JhE9kpbrmYgxAEB4VkiSSCME6p4ulIIwGCc4qUgpQF_b-ANotN0Q:1tHJXl:bEhtpE9YdAoNfAZ11s4c-1c36b1L58T7taL67ECybAI", "expire_date": "2024-12-14T09:13:37.608Z"}}, {"model": "sessions.session", "pk": "thb5fvovgwoz6msvmaq8vypr1r93ilv9", "fields": {"session_data": ".eJxVjMsOwiAQRf-FtSHA8HTpvt9AgBmlaiAp7cr479qkC93ec859sZi2tcZt0BJnZGcm2el3y6k8qO0A76ndOi-9rcuc-a7wgw4-daTn5XD_Dmoa9VuDNBAQrS-JhE9kpbrmYgxAEB4VkiSSCME6p4ulIIwGCc4qUgpQF_b-ANotN0Q:1tAkz9:by0qaTCyYEvtp68nhlFhbYm5dhY_CC0OT5b7KIJ1auk", "expire_date": "2024-11-26T07:06:47.259Z"}}, {"model": "sessions.session", "pk": "uburvvs5yf2x9plgov1cx5anay6u8v3w", "fields": {"session_data": ".eJxVjEEOwiAQRe_C2pCBQgsu3XsGMgODVA0kpV0Z765NutDtf-_9lwi4rSVsnZcwJ3EWSpx-N8L44LqDdMd6azK2ui4zyV2RB-3y2hI_L4f7d1Cwl2_teEJKZszZsYrWenAjAFiXkfxknNfAYDFlw84MjGrQqCEnowZPlK14fwDiqDfT:1t8pbm:UQoewtTgqWKKmkkFkUOLlzp6_1jIUs9G3lMxY0WUfnE", "expire_date": "2024-11-20T23:38:42.927Z"}}, {"model": "sessions.session", "pk": "vh75ythlzx19jb8swmu0v2uduat6fhn1", "fields": {"session_data": ".eJxVjDsOwjAUBO_iGlnxL44p6TmD9dYfHEC2FCcV4u4QKQW0OzP7Yp62tfitp8XPkZ2ZkOz0O4LCI9WdxDvVW-Oh1XWZwXeFH7Tza4vpeTncv4NCvXzrnKNSbgIECAhDMtli0oPWpJ1RzgBSIxoSMutgJYQNyWYYY3OQ48jeHyw8OL4:1tA1fQ:HMkkBYgOyvjhNFyPsU3kfqbbJa5VaqgTC5IYLBBf3b8", "expire_date": "2024-11-24T06:43:24.715Z"}}, {"model": "sessions.session", "pk": "wihebzmmhbazhjrq7rgd05njv24qobdl", "fields": {"session_data": ".eJxVjDsOwjAQBe_iGlkO_mUp6TmDtd7d4ABypDipEHcnkVJA-2bmvVXCdSlpbTKnkdVFder0u2Wkp9Qd8APrfdI01WUes94VfdCmbxPL63q4fwcFW9lqZBGwiC7awbve8EAgXUAGD_0ZGDEGY9iRdZ6zAeIAAXK02XnakPp8Af6kOBU:1t7t5Z:j97n1iWdFwaZYBHjSCjnzGdAloiBkAnrwuakXsB8eHY", "expire_date": "2024-11-18T09:09:33.170Z"}}, {"model": "sessions.session", "pk": "wv2abn5ql60vnb9fev75lh1j3zh8jl0m", "fields": {"session_data": ".eJxVjEEOwiAQRe_C2pCBQgsu3XsGMgODVA0kpV0Z765NutDtf-_9lwi4rSVsnZcwJ3EWSpx-N8L44LqDdMd6azK2ui4zyV2RB-3y2hI_L4f7d1Cwl2_teEJKZszZsYrWenAjAFiXkfxknNfAYDFlw84MjGrQqCEnowZPlK14fwDiqDfT:1t8fWJ:jpdNhbgbSrMqYtlE4ELS4a7pSV-EQLWO3dBi1Md61v4", "expire_date": "2024-11-20T12:52:23.931Z"}}, {"model": "sites.site", "pk": 1, "fields": {"domain": "example.com", "name": "example.com"}}, {"model": "answer.questionanswer", "pk": 2, "fields": {"title": "WisdownVault questions", "question": "Project information:\r\nFramework is django, app name wisdomvault, current app is answer, this app is when you create a question and the admin calls openAI api to return answer.\r\n\r\n---\r\n\r\nWhen openAI returns the text result. the markdown2 code format is broken on django side.\r\ncurrent code on models.py\r\n```\r\nclass QuestionAnswer(models.Model):\r\n    title = models.CharField(max_length=255)\r\n    question = models.TextField()\r\n    answer = models.TextField(editable=False)\r\n    created_by = models.ForeignKey(\r\n        settings.AUTH_USER_MODEL,\r\n        on_delete=models.CASCADE,\r\n    )\r\n\r\n    def formatted_answer(self):\r\n        \"\"\"Converts the markdown text to HTML and returns it as a safe string.\"\"\"\r\n        html = markdown2.markdown(self.answer, extras=['fenced_code', 'codehilite'])\r\n        return mark_safe(html)\r\n...\r\n```\r\n\r\nand my admin.py\r\n```\r\n...\r\nclass QuestionAnswerAdmin(admin.ModelAdmin):\r\n    list_display = ('title', 'short_question', 'short_answer')\r\n    fields = ('title', 'question', 'formatted_answer')\r\n    readonly_fields = ('formatted_answer', 'answer')\r\n\r\n    def short_question(self, obj):\r\n        return Truncator(obj.question).chars(50)\r\n    short_question.short_description = 'Question'\r\n\r\n    def short_answer(self, obj):\r\n        return Truncator(obj.answer).chars(50)\r\n    short_answer.short_description = 'Answer'\r\n\r\n    def save_model(self, request, obj, form, change):\r\n        messages = [\r\n            {\"role\": \"system\", \"content\": 'Utilize Markdown format. Give Direct Answer'},\r\n        ]\r\n        messages.append({\"role\": \"user\", \"content\": obj.question})\r\n        completion = client.chat.completions.create(\r\n            model=\"gpt-4o\",\r\n            messages=messages,\r\n        )\r\n        response_content = completion.choices[0].message.content\r\n        obj.answer = response_content\r\n\r\n        if not change:\r\n            obj.created_by = request.user\r\n        super().save_model(request, obj, form, change)\r\n\r\n    def get_queryset(self, request):\r\n        qs = super().get_queryset(request)\r\n        # Filter only QuestionAnswer objects created by current user\r\n        return qs.filter(created_by=request.user)\r\n\r\n# Register the model and the admin class\r\nadmin.site.register(QuestionAnswer, QuestionAnswerAdmin)\r\n```\r\n\r\nthe problem is when the language is written after the ` symbol\r\nexample ```python\r\nthen the markdown would be broken", "answer": "To resolve the issue with broken markdown when specifying a language after the backticks (like ` ```python `), you need to ensure that the `markdown2` library's extra features are correctly configured to handle fenced code blocks. The `codehilite` feature in `markdown2` should already handle the syntax highlighting.\n\nHowever, if you are still experiencing issues, make sure that:\n\n1. The `Pygments` library is installed in your environment, as it is used by `codehilite` for syntax highlighting. You can install it using:\n   ```\n   pip install Pygments\n   ```\n\n2. Check how the markdown is being rendered on the frontend. Sometimes, the styles for code highlighting may not be picked up correctly. You might need to include the appropriate CSS for `Pygments` syntax highlighting in your HTML templates.\n\n3. Ensure any JavaScript or CSS in your Django templates that might affect rendering is compatible with the output from `markdown2`.\n\nIf these do not resolve the issue, consider explicitly setting the `extras` options in `formatted_answer`, like this:\n\n```python\ndef formatted_answer(self):\n    \"\"\"Converts the markdown text to HTML and returns it as a safe string.\"\"\"\n    html = markdown2.markdown(self.answer, extras={\n        'fenced-code-blocks': {},\n        'code-friendly': True,\n        'codehilite': {\n            'use_pygments': True,  # Ensure pygments is used for styling\n        },\n        'cuddled-lists': True, \n        'metadata': True, \n        'numbering': True\n    })\n    return mark_safe(html)\n```\n \nAlso, make sure that `formatted_answer` is correctly rendered as HTML in your templates. For example, if you are displaying it in a Django template, you might want to ensure you're using the `|safe` filter to prevent Django from escaping the HTML. Here's a quick template snippet:\n\n```html\n{{ answer_object.formatted_answer|safe }}\n```\n\nTest these changes to verify if your code formatting issues are resolved.", "created_by": 1}}, {"model": "answer.questionanswer", "pk": 3, "fields": {"title": "my first question", "question": "hello", "answer": "Hello! How can I assist you today?", "created_by": 2}}, {"model": "answer.questionanswer", "pk": 4, "fields": {"title": "WisdomVault Kanban", "question": "Project Info:\r\n- kanbanapp inside a Django version 5.1.3 project\r\n- everything working on admin side\r\n- using jazzmin  meaning it has bootstrap\r\n- running on ubuntu server , apache with gunicorn\r\n- no need to use views.py or urls.py only on admin and html template if needed\r\n\r\n----\r\nadmin.py\r\n```\r\n...\r\nclass ColumnAdmin(admin.ModelAdmin):\r\n    list_display = ('name', 'board')\r\n    readonly_fields = ('user',)\r\n\r\n    def formfield_for_foreignkey(self, db_field, request, **kwargs):\r\n        if db_field.name == 'board':\r\n            # Filter the queryset for the board field to only include boards owned by the current user and not closed\r\n            kwargs['queryset'] = Board.objects.filter(user=request.user, closed=False)\r\n        return super().formfield_for_foreignkey(db_field, request, **kwargs)\r\n\r\n    def get_queryset(self, request):\r\n        qs = super().get_queryset(request)\r\n        return qs.filter(user=request.user)\r\n\r\n    def save_model(self, request, obj, form, change):\r\n        if not obj.pk:\r\n            obj.user = request.user\r\n        super().save_model(request, obj, form, change)\r\n...\r\n```\r\n\r\nmodels.py\r\n```\r\nfrom django.db import models\r\nfrom django import forms\r\nfrom django.contrib.auth import get_user_model\r\n\r\nclass Board(models.Model):\r\n    user = models.ForeignKey(get_user_model(), on_delete=models.CASCADE, related_name='boards')\r\n    name = models.CharField(max_length=100)\r\n    closed = models.BooleanField(default=False)\r\n\r\n    def __str__(self):\r\n        return self.name\r\n\r\nclass Column(models.Model):\r\n    user = models.ForeignKey(get_user_model(), on_delete=models.CASCADE, related_name='columns')\r\n    name = models.CharField(max_length=100)\r\n    board = models.ForeignKey(Board, on_delete=models.CASCADE, related_name='columns')\r\n    position = models.IntegerField()\r\n\r\n    def __str__(self):\r\n        return self.name\r\n\r\nclass Task(models.Model):\r\n    user = models.ForeignKey(get_user_model(), on_delete=models.CASCADE, related_name='tasks')\r\n    title = models.CharField(max_length=200)\r\n    description = models.TextField(blank=True, null=True)\r\n    column = models.ForeignKey(Column, on_delete=models.CASCADE, related_name='tasks')\r\n    created_at = models.DateTimeField(auto_now_add=True)\r\n    updated_at = models.DateTimeField(auto_now=True)\r\n\r\n    def __str__(self):\r\n        return self.title\r\n\r\nclass TaskForm(forms.ModelForm):\r\n    class Meta:\r\n        model = Task\r\n        fields = '__all__'\r\n\r\n    def __init__(self, *args, **kwargs):\r\n        self.request = kwargs.pop('request', None)\r\n        super(TaskForm, self).__init__(*args, **kwargs)\r\n\r\n        if self.instance and self.instance.pk:\r\n            # Existing task: show columns from the current task's board\r\n            board = self.instance.column.board\r\n            self.fields['column'].queryset = Column.objects.filter(board=board)\r\n        else:\r\n            # New task: show all columns created by the user, excluding columns from closed boards\r\n            if self.request:\r\n                self.fields['column'].queryset = Column.objects.filter(\r\n                    user=self.request.user,\r\n                    board__closed=False\r\n                ).select_related('board')\r\n                self.fields['column'].label_from_instance = lambda obj: f\"{obj.name} - {obj.board.name}\"\r\n            else:\r\n                # If request is not available, show no columns\r\n                self.fields['column'].queryset = Column.objects.none()\r\n```\r\n\r\nI want to sort the columns by boards", "answer": "To sort the columns by boards in your Django admin, you can modify the `get_queryset` method in the `ColumnAdmin` class to annotate the columns with their respective board names and then order them accordingly. Here's how to adjust your `admin.py`:\n\n```python\nfrom django.db.models import F\n\nclass ColumnAdmin(admin.ModelAdmin):\n    list_display = ('name', 'board')\n    readonly_fields = ('user',)\n\n    def get_queryset(self, request):\n        qs = super().get_queryset(request)\n        return qs.filter(user=request.user).order_by('board__name')\n\n    def formfield_for_foreignkey(self, db_field, request, **kwargs):\n        if db_field.name == 'board':\n            kwargs['queryset'] = Board.objects.filter(user=request.user, closed=False)\n        return super().formfield_for_foreignkey(db_field, request, **kwargs)\n\n    def save_model(self, request, obj, form, change):\n        if not obj.pk:\n            obj.user = request.user\n        super().save_model(request, obj, form, change)\n```\n\n### Changes Made:\n1. **Ordering**: The `get_queryset` method now orders the queryset by the board's name (`order_by('board__name')`).\n  \nThis will cause the columns to be displayed sorted by their corresponding board names in the Django admin interface.", "created_by": 1}}, {"model": "answer.questionanswer", "pk": 5, "fields": {"title": "Daga", "question": "Pano solusyonan kung madaming daga sa bahay nyo\r\n\r\nMadaming kanal sa lugar namin\r\n\r\nMadami din daga ang kapitbahay", "answer": "Kung marami kang daga sa bahay mo, narito ang ilang hakbang na maaari mong gawin para mabawasan o mawala ang mga ito:\n\n1. **Paglinis**: Siguraduhing malinis ang iyong bahay, lalo na sa mga lugar kung saan may pagkain tulad ng kusina at dining area. Tanggalin ang anumang nakatiwangwang na pagkain.\n\n2. **Pagtatakip ng Butas at Lagusan**: I-seal ang lahat ng posibleng pasukan ng daga sa iyong bahay. Maghanap ng butas o puwang at gamitin ang steel wool o semento upang takpan ang mga ito.\n\n3. **Paggamit ng Trap**: Maglagay ng mga trap (mouse traps) sa mga lugar na madalas nilang puntahan. Mayroong iba't ibang uri ng trapip na maaari mong gamitin, mula sa snap traps hanggang sa electronic traps.\n\n4. **Mga Pang-repelenteng Gamot**: Gumamit ng mga natural na repelente tulad ng peppermint oil na maaaring takutin ang mga daga. Puwede rin gumamit ng mga chemical repellents bilang huling opsyon.\n\n5. **Pag-alis ng mga Puwedeng Taguan**: Linisin ang paligid at tanggalin ang mga kalat kung saan pwedeng magtago ang mga daga.\n\n6. **Pagkausap sa Kapitbahay**: Since nabanggit mong pati ang kapitbahay ay may problema sa daga, makipagtulungan sa kanila upang sabay-sabay na magpatupad ng pagkontrol sa daga sa inyong lugar.\n\n7. **Konsultahin ang Pest Control Experts**: Kung hindi pa rin mawala ang problema sa kabila ng iyong mga pagsisikap, mas mainam na magpakonsulta sa propesyonal na pest control services para sa mas epektibong solusyon.\n\nPaalala na kapag gumagamit ng chemical repellents o pest control services, siguraduhing ligtas ito para sa mga tao at alagang hayop sa paligid.", "created_by": 2}}, {"model": "answer.questionanswer", "pk": 6, "fields": {"title": "Webtech", "question": "Project info is. Webtech use django, chatbot to get user info and transfer to a different called facebookapplicants that is a PHP5 app.\r\n\r\n---\r\n\r\n\r\n```\r\ndef get_oldest_uncopied_user(request):\r\n    # Retrieve all user profiles where is_copied is False\r\n    uncopied_users = UserProfile.objects.filter(is_copied=False).order_by('id')\r\n\r\n    # Check if any uncopied user exists\r\n    if uncopied_users.exists():\r\n        # Get the oldest uncopied user's profile\r\n        oldest_uncopied_user = uncopied_users.first()\r\n        \r\n        # Prepare the response data\r\n        user_data = {\r\n            'status': 'user_available',\r\n            'facebook_id': oldest_uncopied_user.facebook_id,\r\n            'page_id': oldest_uncopied_user.page_id,\r\n            'full_name': oldest_uncopied_user.full_name,\r\n            'age': oldest_uncopied_user.age,\r\n            'contact_number': oldest_uncopied_user.contact_number,\r\n            'whatsapp_number': oldest_uncopied_user.whatsapp_number,\r\n            'location': oldest_uncopied_user.location,\r\n        }\r\n    else:\r\n        # Return a status indicating no uncopied user is found\r\n        user_data = {\r\n            'status': 'user_unavailable'\r\n        }\r\n\r\n    # Return the user data as a JSON response\r\n    return JsonResponse(user_data)\r\n```\r\n\r\nUpdate the function above to instead getting only one data, get array of data get all uncopied", "answer": "To update the function to retrieve an array of all uncopied user profiles, you should iterate over the `uncopied_users` queryset and collect each user's data into a list. Here is the updated version of the function:\n\n```python\ndef get_all_uncopied_users(request):\n    # Retrieve all user profiles where is_copied is False\n    uncopied_users = UserProfile.objects.filter(is_copied=False).order_by('id')\n\n    # Create a list to hold all uncopied users' data\n    users_data = []\n\n    # Check if any uncopied user exists\n    if uncopied_users.exists():\n        # Iterate over each uncopied user to collect their data\n        for user_profile in uncopied_users:\n            user_data = {\n                'facebook_id': user_profile.facebook_id,\n                'page_id': user_profile.page_id,\n                'full_name': user_profile.full_name,\n                'age': user_profile.age,\n                'contact_number': user_profile.contact_number,\n                'whatsapp_number': user_profile.whatsapp_number,\n                'location': user_profile.location,\n            }\n            users_data.append(user_data)\n\n        # Prepare the response data\n        response_data = {\n            'status': 'users_available',\n            'users': users_data\n        }\n    else:\n        # Return a status indicating no uncopied users are found\n        response_data = {\n            'status': 'users_unavailable',\n            'users': []\n        }\n\n    # Return the user data as a JSON response\n    return JsonResponse(response_data)\n```\n\nThis function now returns a JSON response with a list of all uncopied user profiles, or an empty list if none are found.", "created_by": 1}}, {"model": "answer.questionanswer", "pk": 7, "fields": {"title": "Random", "question": "Can you sort instagram post oby views", "answer": "Instagram itself does not currently provide a native option to sort posts on your feed by views. However, you can check the view counts of individual video posts by looking at the post details. If you are managing your own account, you can use Instagram Insights (available for business and creator accounts) to analyze the performance of your posts, including the number of views for each video post.\n\nFor third-party solutions, some social media management tools might offer features to help analyze and compare the engagement of posts, but these won't directly sort in the Instagram app itself.", "created_by": 2}}, {"model": "answer.questionanswer", "pk": 8, "fields": {"title": "WisdomVault Emailer", "question": "Project Info:\r\n- emailer app inside a django project\r\n- everything working on admin side\r\n- using jazzmin \r\n- running on ubuntu server , apache with gunicorn\r\n\r\n---\r\n\r\nwith model\r\n```\r\nclass Chat(models.Model):\r\n    user = models.ForeignKey(UserProfile, on_delete=models.CASCADE)\r\n    message = models.TextField()\r\n    reply = models.TextField()\r\n    timestamp = models.DateTimeField(auto_now_add=True)\r\n```\r\n\r\nworking select data is\r\n`SELECT * FROM messenger_chat WHERE id = 1187;`\r\n\r\nnow I want to update timestamp from 2024-11-12 08:51:41.201160 to reduce 6 hours\r\n\r\nI want to use\r\nUPDATE messenger_chat\r\nSET timestamp = timestamp - INTERVAL 6 HOUR\r\nWHERE id = 1187;\r\n\r\nbut instead of deducting 6 hours I want to add one hour", "answer": "To add one hour to the `timestamp` field for a specific record, you can adjust your `UPDATE` query as follows:\n\n```sql\nUPDATE messenger_chat\nSET timestamp = timestamp + INTERVAL 1 HOUR\nWHERE id = 1187;\n```\n\nThis query will update the `timestamp` by adding one hour to the existing value for the row where `id` is 1187.", "created_by": 1}}, {"model": "answer.questionanswer", "pk": 9, "fields": {"title": "General", "question": "what is best to watch for kid with autism", "answer": "When selecting shows for kids with autism, it's important to focus on content that is engaging, visually stimulating, and promotes positive social interactions. Here are some recommendations:\n\n### Animated Shows\n- **\"Daniel Tiger's Neighborhood\"**\n- **\"Puffin Rock\"**\n- **\"Bluey\"**\n- **\"Sesame Street\"**\n\n### Educational Programs\n- **\"Special Agent Oso\"**\n- **\"Mister Rogers' Neighborhood\"**\n- **\"Peg + Cat\"**\n- **\"WordWorld\"**\n\n### Nature Shows\n- **\"The Cat in the Hat Knows a Lot About That!\"**\n- **\"Wild Kratts\"**\n\n### Interactive Shows\n- **\"Bubble Guppies\"**\n- **\"Tumble Leaf\"**\n\n### Sensory-Friendly Shows\n- **\"Sarah & Duck\"**  \n- **\"Kazoops!\"**\n\n### Tips\n- **Limit Overstimulation:** Look for shows with calmer visuals and steady pacing.\n- **Positive Themes:** Choose programs that promote friendship, problem-solving, and emotional understanding.\n  \nAlways consider the child's preferences and sensitivities to ensure an enjoyable viewing experience.", "created_by": 1}}, {"model": "answer.questionanswer", "pk": 12, "fields": {"title": "test", "question": "test", "answer": "Yes, I'm here! How can I assist you today?", "created_by": 13}}, {"model": "answer.questionanswer", "pk": 13, "fields": {"title": "Test", "question": "Test", "answer": "Sure, let me know how I can assist you!", "created_by": 13}}, {"model": "answer.questionanswer", "pk": 17, "fields": {"title": "Dodo Mobile Activate", "question": "Project information:\r\nDodo Mobile Activate, angular 16.2,  used for SIM card activation. It streamlines the process by guiding users through steps such as entering personal details\r\n\r\n---\r\n\r\nDo not reply for now I will add more details later", "answer": "Understood! Feel free to add more details when you're ready, and I'll be here to assist you.", "created_by": 1}}, {"model": "answer.questionanswer", "pk": 18, "fields": {"title": "Wisdom Vault Grammar", "question": "Project Info:\r\n- grammar fixer app inside a django project\r\n- everything working on admin side\r\n- using jazzmin \r\n- running on ubuntu server , apache with gunicorn\r\n\r\n----\r\n\r\n```\r\nfrom django.contrib import admin\r\nfrom django.urls import path\r\nfrom django.shortcuts import render\r\nfrom .models import GrammarCheck\r\nfrom .forms import GrammarCheckForm\r\nfrom openai import OpenAI\r\nfrom dotenv import load_dotenv\r\n\r\nload_dotenv()\r\n\r\nclient = OpenAI()\r\n\r\nclass GrammarCheckAdmin(admin.ModelAdmin):\r\n    change_list_template = \"admin/grammar_check.html\"\r\n\r\n    def get_urls(self):\r\n        urls = super().get_urls()\r\n        custom_urls = [\r\n            path('grammar-check/', self.admin_site.admin_view(self.grammar_check), name='grammar_check'),\r\n        ]\r\n        return custom_urls + urls\r\n\r\n    def grammar_check(self, request):\r\n        form = GrammarCheckForm(request.POST or None)\r\n        corrected_text = ''\r\n\r\n        if request.method == 'POST' and form.is_valid():\r\n            grammar_check_instance = form.save(commit=False)\r\n            grammar_check_instance.corrected_output = self.perform_grammar_check(grammar_check_instance.user_input)\r\n            grammar_check_instance.save()\r\n            corrected_text = grammar_check_instance.formatted_output\r\n\r\n        latest_grammar_check = GrammarCheck.objects.latest('id')\r\n\r\n        context = dict(\r\n            self.admin_site.each_context(request),\r\n            form=form,\r\n            corrected_text=corrected_text,\r\n            latest_grammar_check=latest_grammar_check,\r\n        )\r\n        return render(request, \"admin/grammar_check.html\", context)\r\n\r\n    def changelist_view(self, request, extra_context=None):\r\n        # Redirect to our custom view\r\n        response = self.grammar_check(request)\r\n        return response\r\n\r\n    def perform_grammar_check(self, text):\r\n        messages = [\r\n            {\"role\": \"system\", \"content\": 'User will send message and you will improve that message. make is respectful and easy to understand.'},\r\n        ]\r\n        messages.append({\"role\": \"user\", \"content\": text})\r\n        completion = client.chat.completions.create(\r\n            model=\"gpt-4o-mini\",\r\n            messages=messages,\r\n        )\r\n        return completion.choices[0].message.content\r\n\r\n# Register the model and admin class\r\nadmin.site.register(GrammarCheck, GrammarCheckAdmin)\r\n```\r\n\r\n\r\nI am having an error\r\nTraceback (most recent call last):\r\n  File \"/root/wisdomvault/.venv/lib/python3.8/site-packages/django/core/handlers/exception.py\", line 55, in inner\r\n    response = get_response(request)\r\n  File \"/root/wisdomvault/.venv/lib/python3.8/site-packages/django/core/handlers/base.py\", line 197, in _get_response\r\n    response = wrapped_callback(request, *callback_args, **callback_kwargs)\r\n  File \"/root/wisdomvault/.venv/lib/python3.8/site-packages/django/contrib/admin/options.py\", line 688, in wrapper\r\n    return self.admin_site.admin_view(view)(*args, **kwargs)\r\n  File \"/root/wisdomvault/.venv/lib/python3.8/site-packages/django/utils/decorators.py\", line 134, in _wrapper_view\r\n    response = view_func(request, *args, **kwargs)\r\n  File \"/root/wisdomvault/.venv/lib/python3.8/site-packages/django/views/decorators/cache.py\", line 62, in _wrapper_view_func\r\n    response = view_func(request, *args, **kwargs)\r\n  File \"/root/wisdomvault/.venv/lib/python3.8/site-packages/django/contrib/admin/sites.py\", line 242, in inner\r\n    return view(request, *args, **kwargs)\r\n  File \"/root/wisdomvault/grammar_check/admin.py\", line 45, in changelist_view\r\n    response = self.grammar_check(request)\r\n  File \"/root/wisdomvault/grammar_check/admin.py\", line 33, in grammar_check\r\n    latest_grammar_check = GrammarCheck.objects.latest('id')\r\n  File \"/root/wisdomvault/.venv/lib/python3.8/site-packages/django/db/models/manager.py\", line 87, in manager_method\r\n    return getattr(self.get_queryset(), name)(*args, **kwargs)\r\n  File \"/root/wisdomvault/.venv/lib/python3.8/site-packages/django/db/models/query.py\", line 1045, in latest\r\n    return self.reverse()._earliest(*fields)\r\n  File \"/root/wisdomvault/.venv/lib/python3.8/site-packages/django/db/models/query.py\", line 1028, in _earliest\r\n    return obj.get()\r\n  File \"/root/wisdomvault/.venv/lib/python3.8/site-packages/django/db/models/query.py\", line 637, in get\r\n    raise self.model.DoesNotExist(\r\ngrammar_check.models.GrammarCheck.DoesNotExist: GrammarCheck matching query does not exist.", "answer": "Your error is occurring because the `latest()` method is attempting to retrieve the most recently created `GrammarCheck` object, but there are currently no objects in the database resulting in a `DoesNotExist` exception.\n\nTo fix this issue, you can modify the `grammar_check` method in your `GrammarCheckAdmin` class to handle cases where no `GrammarCheck` objects exist:\n\n```python\ndef grammar_check(self, request):\n    form = GrammarCheckForm(request.POST or None)\n    corrected_text = ''\n    latest_grammar_check = None\n    \n    if request.method == 'POST' and form.is_valid():\n        grammar_check_instance = form.save(commit=False)\n        grammar_check_instance.corrected_output = self.perform_grammar_check(grammar_check_instance.user_input)\n        grammar_check_instance.save()\n        corrected_text = grammar_check_instance.formatted_output\n        latest_grammar_check = grammar_check_instance\n        \n    else:\n        # Handle the case where no GrammarCheck objects exist\n        if GrammarCheck.objects.exists():\n            latest_grammar_check = GrammarCheck.objects.latest('id')\n\n    context = dict(\n        self.admin_site.each_context(request),\n        form=form,\n        corrected_text=corrected_text,\n        latest_grammar_check=latest_grammar_check,\n    )\n    return render(request, \"admin/grammar_check.html\", context)\n```\n\nThis code checks for the existence of any `GrammarCheck` objects before calling `latest()`. If no objects exist, `latest_grammar_check` remains `None`, so ensure your template can handle this situation and doesn't crash when this variable is `None`.", "created_by": 1}}, {"model": "answer.questionanswer", "pk": 19, "fields": {"title": "ggggg", "question": "how to introduce my self in a job interview", "answer": "To introduce yourself effectively in a job interview, follow these steps:\n\n1. **Start with a Greeting:** \n   - Begin with a polite greeting and thank the interviewers for the opportunity. \n   - Example: \"Good morning, thank you for having me here today.\"\n\n2. **Provide Your Name:**\n   - Clearly state your name.\n   - Example: \"My name is [Your Name].\"\n\n3. **Briefly Mention Your Educational Background (if relevant):**\n   - Share relevant educational achievements.\n   - Example: \"I graduated with a degree in [Your Degree] from [Your University].\"\n\n4. **Summarize Your Professional Experience:**\n   - Highlight key job roles and achievements pertinent to the role you are applying for.\n   - Example: \"I have over [X years] of experience in [Your Field] where I [describe a key achievement or responsibility].\"\n\n5. **Relate Your Experience to the Job:**\n   - Explain how your skills and experiences make you a good fit for the position.\n   - Example: \"In my previous role at [Company], I successfully [describe a task or project] that improved [mention a relevant result], which I believe aligns well with the requirements of this position.\"\n\n6. **Mention Key Skills:**\n   - Highlight skills that are particularly relevant to the job description.\n   - Example: \"I excel in [mention skills], which are key for [describe job-related task].\"\n\n7. **Close with a Forward-Looking Statement:**\n   - Express enthusiasm for the potential to work with the company.\n   - Example: \"I am excited about the opportunity to contribute to [Company] and look forward to discussing how I can add value to your team.\"\n\nRemember to be concise and confident. Your introduction should be tailored to the job and company, emphasizing how your background and skills make you an ideal candidate.", "created_by": 14}}, {"model": "note.note", "pk": 1, "fields": {"title": "Budget and balance", "content": "Mina:\r\n8k 11-7", "created_at": "2024-11-04T09:10:08.502Z", "updated_at": "2024-11-07T04:57:04.221Z", "created_by": 1}}, {"model": "note.note", "pk": 2, "fields": {"title": "cyd note", "content": "normal human", "created_at": "2024-11-04T09:19:07.826Z", "updated_at": "2024-11-04T09:19:07.826Z", "created_by": 2}}, {"model": "note.note", "pk": 3, "fields": {"title": "Mga Dapat puntahan sa pinas", "content": "Batanes\r\nSagada", "created_at": "2024-11-04T09:46:45.084Z", "updated_at": "2024-11-04T09:46:45.084Z", "created_by": 2}}, {"model": "note.note", "pk": 4, "fields": {"title": "Todo this year", "content": "Mag bayad ng insurance\r\nMag schedule sa DFA", "created_at": "2024-11-04T09:47:36.937Z", "updated_at": "2024-11-04T09:47:36.937Z", "created_by": 2}}, {"model": "note.note", "pk": 5, "fields": {"title": "iweb", "content": "Emailer Gmail\r\nMAIL: adoniscanete44@gmail.com\r\nPASS: 3wbZWQA52FwU8WV\r\nAPPW: aniy pfby epot dlzz", "created_at": "2024-11-06T03:50:08.015Z", "updated_at": "2024-11-06T04:33:54.005Z", "created_by": 1}}, {"model": "note.note", "pk": 6, "fields": {"title": "Test", "content": "Test", "created_at": "2024-11-10T07:06:13.865Z", "updated_at": "2024-11-10T07:06:13.865Z", "created_by": 13}}, {"model": "note.note", "pk": 7, "fields": {"title": "WisdomVault Future Feature", "content": "Grammar Checker\r\nWIki\r\nTeacher\r\nAssistant", "created_at": "2024-11-10T10:28:17.746Z", "updated_at": "2024-11-10T10:28:17.746Z", "created_by": 1}}, {"model": "note.note", "pk": 8, "fields": {"title": "PHP5 updated_cron.php", "content": "<?php\r\n// Include the database connection file\r\ninclude 'db.php';\r\n\r\n// API URLs\r\n$apiUrl = 'https://webtech.welfareph.com/messenger/uncopied_user/';\r\n$markAsCopiedUrl = 'https://webtech.welfareph.com/messenger/mark-as-copied/';\r\n\r\n// Function to fetch data from the API\r\nfunction fetchDataFromApi($url) {\r\n    $ch = curl_init();\r\n    curl_setopt($ch, CURLOPT_URL, $url);\r\n    curl_setopt($ch, CURLOPT_RETURNTRANSFER, true);\r\n    $response = curl_exec($ch);\r\n    curl_close($ch);\r\n    return $response;\r\n}\r\n\r\n// Function to log messages to a file\r\nfunction logMessage($message) {\r\n    $logFile = 'cron.log';\r\n    $currentTime = date('Y-m-d H:i:s');\r\n    file_put_contents($logFile, \"[$currentTime] $message\" . PHP_EOL, FILE_APPEND);\r\n}\r\n\r\n// Fetch the data from API\r\n$responseData = fetchDataFromApi($apiUrl);\r\n$userData = json_decode($responseData, true);\r\n\r\nif (json_last_error() === JSON_ERROR_NONE) {\r\n    $status = isset($userData['status']) ? $userData['status'] : null;\r\n\r\n    if ($status === 'user_available') {\r\n        // Extract user data with checks\r\n        $facebookId = isset($userData['facebook_id']) ? $userData['facebook_id'] : null;\r\n        $fullName = isset($userData['full_name']) ? $userData['full_name'] : '';\r\n        $nameParts = explode(' ', $fullName);\r\n        $firstName = isset($nameParts[0]) ? $nameParts[0] : '';\r\n        $lastName = isset($nameParts[1]) ? $nameParts[1] : '';\r\n        $age = isset($userData['age']) && is_numeric($userData['age']) ? $userData['age'] : 0;\r\n        $contactNumber = isset($userData['contact_number']) ? $userData['contact_number'] : '';\r\n        $location = isset($userData['location']) ? $userData['location'] : '';\r\n        $pageId = isset($userData['page_id']) ? $userData['page_id'] : '';\r\n\r\n        if ($facebookId === null) {\r\n            logMessage(\"Error: Missing Facebook ID.\");\r\n            exit;\r\n        }\r\n\r\n        // Prepare the query\r\n        $query = \"SELECT * FROM applicants WHERE user_id = ?\";\r\n        $stmt = $conn->prepare($query);\r\n        $stmt->bind_param(\"s\", $facebookId);\r\n        $stmt->execute();\r\n        $result = $stmt->get_result();\r\n        $stmt->close();\r\n\r\n        if ($result->num_rows > 0) {\r\n            $query = \"UPDATE applicants SET \r\n                        first_name = ?, \r\n                        last_name = ?, \r\n                        age = ?, \r\n                        contactnum = ?, \r\n                        address = ?, \r\n                        page_id = ?, \r\n                        updated_at = NOW() \r\n                      WHERE user_id = ?\";\r\n            $stmt = $conn->prepare($query);\r\n            $stmt->bind_param(\"ssissss\", $firstName, $lastName, $age, $contactNumber, $location, $pageId, $facebookId);\r\n        } else {\r\n            $query = \"INSERT INTO applicants (\r\n                        user_id, \r\n                        first_name, \r\n                        last_name, \r\n                        age, \r\n                        contactnum, \r\n                        address, \r\n                        page_id,\r\n                        status_id,\r\n                        updated_at\r\n                      ) VALUES (?, ?, ?, ?, ?, ?, ?, 0, NOW())\";\r\n            $stmt = $conn->prepare($query);\r\n            $stmt->bind_param(\"ssisssi\", $facebookId, $firstName, $lastName, $age, $contactNumber, $location, $pageId);\r\n        }\r\n        \r\n        if ($stmt->execute()) {\r\n            fetchDataFromApi($markAsCopiedUrl . $facebookId . \"/\");\r\n            logMessage(\"Success: {$fullName} has been added/updated.\");\r\n        } else {\r\n            logMessage(\"Error: Could not execute the query. SQL Error: \" . $conn->error);\r\n        }\r\n        $stmt->close();\r\n    } else {\r\n        logMessage(\"Info: No new users to sync.\");\r\n    }\r\n} else {\r\n    logMessage(\"Error: Failed to decode JSON data.\");\r\n}\r\n?>", "created_at": "2024-11-14T05:53:12.916Z", "updated_at": "2024-11-14T05:53:12.916Z", "created_by": 1}}, {"model": "note.note", "pk": 9, "fields": {"title": "Pasalubong", "content": "jony=inhaler5\r\ndon=inhaler6\r\nrj=inhaer7\r\ngaston=inhaler8\r\n\r\npao=inhaler1\r\nglen=inhaler9\r\nmark=inhaler2\r\nmango\r\ndodge\r\n\r\nkev\r\nmong\r\nmontoy\r\ngie\r\nAD\r\n\r\nmaco\r\nmarzel=inhaler3\r\ngem\r\n\r\nralp\r\ncarms\r\n\r\nanj=inhaler4\r\ndeso\r\ndave\r\n\r\nvanilla\r\n\r\n14?", "created_at": "2024-11-25T05:38:37.015Z", "updated_at": "2024-11-25T05:38:37.015Z", "created_by": 1}}, {"model": "note.note", "pk": 10, "fields": {"title": "dev notes", "content": "o1-preview\r\n15.00 /6 times expensive\r\n\r\no4\r\n2.50\r\n\r\no4-mini\r\n0.150  /16.6 cheaper\r\n\r\n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", "created_at": "2024-11-30T03:27:50.201Z", "updated_at": "2024-12-01T08:09:08.390Z", "created_by": 1}}, {"model": "note.note", "pk": 11, "fields": {"title": "iWeb", "content": "username: adonisgilcanete@gmail.compassword: adonisgood888\r\n\r\n---\r\n\r\nHostGator - Hosting Account  \r\nURL: https://www.hostgator.com/my-account/hosting/list  \r\nUsername: adonisgilcanete2@gmail.com  \r\nPassword: Adonis1323@@  \r\nName: Adonis Gil\r\n\r\n---\r\n\r\nHostGator - cPanel (Gator 3197)  \r\nURL: https://gator3197.hostgator.com:2083/logout/?locale=en  \r\nUsername: iwebphil  \r\nPassword: O5Injey7Gef5UVwU  \r\nDatabase: iwebphil_rest\r\nFOR SSH:https://app.shellngn.com/\r\nIP: 192.254.190.129\r\nPORT:22\r\n\r\n---\r\n\r\nRS Cargo  \r\nURL: https://rs-cargo.com/\r\n\r\n---\r\n\r\nFacebook Applicant  \r\nURL: https://facebookapplicant.com/xxxp.php  \r\nUsername: superadmin  \r\nPassword: superadmin\r\n\r\n---\r\n\r\nLuckyMe Website (HostGator - Gator 4199)  \r\nURL: https://gator4199.hostgator.com:2083/  \r\nUsername: iwebframe  \r\nPassword: ZueqofaI7BInWURO  \r\nFolder Path: public_html/luckyme\r\n\r\n---\r\n\r\n# 888property\r\nURL: portal.hostgator.com\r\nUsername: adonisgilcanete2@gmail.com\r\npassword: Adonis1323@@\r\nServer Name: 888property\r\nSSH: property888@192.185.41.47\r\nssh: ssh iwebframe@192.185.41.47\r\nSshPw: -sdslTIt1+RB\r\nUse: https://app.shellngn.com/\r\n  - property888 | 192.185.41.47 | -sdslTIt1+RB | public key on pokemondrive", "created_at": "2024-12-01T12:49:16.805Z", "updated_at": "2024-12-01T12:49:16.805Z", "created_by": 1}}, {"model": "note.note", "pk": 12, "fields": {"title": "Webtech intelligence", "content": "https://gator3197.hostgator.com:2083/\r\niwebphil | O5Injey7Gef5UVwU\r\ndb: iwebphil_rest\r\n\r\nhttps://rs-cargo.com/\r\n\r\nhttps://facebookapplicant.com/xxxp.php\r\nsuperadmin | superadmin\r\n\r\nSSH:\r\nIP: 192.254.190.129\r\niwebphil | O5Injey7Gef5UVwU\r\nPORT:22\r\n\r\n+---[RSA 2048]----+\r\n|          .=*.   |\r\n|         . .*=   |\r\n|        . ++.+o  |\r\n|       ..+ o*.+ .|\r\n|        S=o..O .o|\r\n|        .o*.*o.E |\r\n|         . * += .|\r\n|          . = o..|\r\n|             ++=o|\r\n+----[SHA256]-----+\r\n\r\n------\r\n\r\nNote that each agency only support some countries example:\r\nDoha agency : only SaudiPjv agency: Saudi,Kuwait ,Qatar\r\n\r\nhttps://developers.facebook.com/apps/2728206350695493/messenger/messenger_api_settings/\r\n\r\nPAGE_ACCESS_TOKEN:\r\nEAAmxSgpoPEUBO9cWEyM5d1fZABwhi2nFwvzUypm0PsrsqoKBUphCeHvZBbcRweyC87RLX27hL8pyU6DBFlYop8MxWoQoill4KJUKyxvN1I8L8jZCNnSCiQHJWgzjcP7B9wbQsMfxDFSkuGxCWi4tdukud0Rv3GzvpwOyX19S666IvA8I4ByMQ5itPoBb6cO", "created_at": "2024-12-01T12:51:42.691Z", "updated_at": "2024-12-01T12:51:42.691Z", "created_by": 1}}, {"model": "emailer.emaillist", "pk": 1, "fields": {"name": "cyd", "email": "cydmdalupan@gmail.com", "category": null, "created_at": "2024-11-07T07:19:33.925Z"}}, {"model": "emailer.emaillist", "pk": 2, "fields": {"name": "Adonis", "email": "adonisgilcanete2@gmail.com", "category": null, "created_at": "2024-11-07T07:20:23.129Z"}}, {"model": "emailer.emailsent", "pk": 1, "fields": {"email": "cydmdalupan@gmail.com", "subject": "test 2", "body": "hello test", "sent_at": "2024-11-08T10:54:58.796Z", "status": "sent"}}, {"model": "emailer.emailsent", "pk": 2, "fields": {"email": "adonisgilcanete2@gmail.com", "subject": "test 2", "body": "hello test", "sent_at": "2024-11-08T10:54:58.825Z", "status": "sent"}}, {"model": "emailer.emailsent", "pk": 3, "fields": {"email": "cydmdalupan@gmail.com", "subject": "test2", "body": "hello 2", "sent_at": "2024-11-09T04:29:37.885Z", "status": "sent"}}, {"model": "emailer.emailsent", "pk": 4, "fields": {"email": "adonisgilcanete2@gmail.com", "subject": "test", "body": "test 1", "sent_at": "2024-11-10T00:18:04.907Z", "status": "sent"}}, {"model": "grammar_check.grammarcheck", "pk": 1, "fields": {"user_input": "Hello jamal I will be on leave next week because I am travelling to thailand thanks", "corrected_output": "Subject: Upcoming Leave Notification\n\nDear Jamal,\n\nI hope this message finds you well. I wanted to inform you that I will be on leave next week as I will be traveling to Thailand. \n\nThank you for your understanding.\n\nBest regards,  \n[Your Name]", "created_at": "2024-11-17T08:40:57.116Z"}}, {"model": "grammar_check.grammarcheck", "pk": 2, "fields": {"user_input": "It seems like the account simon.seidl.dodost@yopmail.com cant go to payment page. I will ask manila QA for a test account that can go though \"Success Payment\"", "corrected_output": "It appears that the account simon.seidl.dodost@yopmail.com is unable to access the payment page. I will reach out to the Manila QA team to request a test account that can successfully navigate the \"Success Payment\" process. Thank you for your understanding.", "created_at": "2024-11-25T01:53:10.396Z"}}, {"model": "grammar_check.grammarcheck", "pk": 3, "fields": {"user_input": "This is confirmed to be working on ST now, thank you for assistance mark", "corrected_output": "I would like to confirm that everything is now working on ST. Thank you very much for your assistance, Mark!", "created_at": "2024-11-25T02:52:09.394Z"}}, {"model": "grammar_check.grammarcheck", "pk": 4, "fields": {"user_input": "Apologies I'm not be able to attend today's DSM meeting due to team lunch out celebrating one of my colleague birthday, for my update Im still assisting Bhavana with creating some test data and have raised issue OPET-23726. Im waiting for Tejass feedback based on Priyas response. \r\nIm also checking on OPET-23158 and will complete it today.", "corrected_output": "Subject: Unable to Attend DSM Meeting\n\nDear Team,\n\nI hope this message finds you well. I apologize for not being able to attend today's DSM meeting, as I will be joining my team for a lunch outing to celebrate a colleague's birthday.\n\nRegarding my updates, I am currently assisting Bhavana with the creation of test data and have raised issue OPET-23726. I am awaiting feedback from Tejas based on Priya's response. Additionally, I am working on OPET-23158 and plan to complete it by the end of the day.\n\nThank you for your understanding. \n\nBest regards,  \n[Your Name]  ", "created_at": "2024-11-28T02:26:45.509Z"}}, {"model": "grammar_check.grammarcheck", "pk": 5, "fields": {"user_input": "Apologies I'm not be able to attend today's DSM meeting due to conflict DSM meeting PH for my update Im still assisting Bhavana with creating some test data and have raised issue OPET-23726. Im waiting for Tejass feedback based on Priyas response. \r\nIm also checking on OPET-23158 and will complete it today.", "corrected_output": "Subject: Unable to Attend Today's DSM Meeting\n\nDear Team,\n\nI hope this message finds you well. \n\nI regret to inform you that I will not be able to attend the DSM meeting today due to a scheduling conflict with the PH meeting. \n\nFor my update, I am currently working with Bhavana on creating test data and have raised issue OPET-23726. I am waiting for Tejas's feedback regarding Priyas response.\n\nAdditionally, I am following up on OPET-23158 and plan to complete it by the end of the day.\n\nThank you for your understanding.\n\nBest regards,  \n[Your Name]", "created_at": "2024-11-28T02:31:41.756Z"}}, {"model": "grammar_check.grammarcheck", "pk": 6, "fields": {"user_input": "I recall we should add this in sprint 10 but since we talked about it in a later part. we might overlooked it. this is the test data that bhavana need to test the chip in discount in a specific scenario.", "corrected_output": "I would like to bring up that we intended to include this in Sprint 10. However, since our discussion occurred later, it may have been overlooked. This is the test data that Bhavana requires to evaluate the chip's discount functionality in a specific scenario. Thank you for your attention to this matter.", "created_at": "2024-11-28T02:54:37.862Z"}}, {"model": "grammar_check.grammarcheck", "pk": 7, "fields": {"user_input": "Checked and validated. The test data is in completed status now.", "corrected_output": "I have checked and validated the test data, and I am pleased to confirm that it is now in completed status. Thank you!", "created_at": "2024-11-28T22:38:04.203Z"}}, {"model": "grammar_check.grammarcheck", "pk": 8, "fields": {"user_input": "adding banner to notify user about best offer", "corrected_output": "Subject: Introducing Our Best Offer  Don't Miss Out!\n\nDear [User's Name],\n\nWe are excited to share our latest promotion with you! Please keep an eye out for a special banner that will be displayed soon, highlighting our best offer just for you.\n\nThank you for being a valued member of our community!\n\nBest regards,  \n[Your Name/Your Company]  ", "created_at": "2024-12-03T01:24:45.062Z"}}, {"model": "grammar_check.grammarcheck", "pk": 9, "fields": {"user_input": "for my update I'm testing all the upgrade and downgrade scenarios for Q4 to Q1 plans and vice versa as stated the requirements. This morning I raised a defect where promocode and promo name are not displayed in mobile upgrade order in Salesforce. Also I will raise a defect in where discount are not carried over and displayed in Zuora's invoice", "corrected_output": "Here's a revised version of your message: \n\n---\n\nI wanted to provide an update on my progress. I am currently testing all upgrade and downgrade scenarios between Q4 and Q1 plans, as outlined in the requirements. \n\nThis morning, I identified a defect: the promo code and promo name are not displayed in mobile upgrade orders within Salesforce. Additionally, I plan to raise another defect regarding the discounts not being carried over and displayed on invoices in Zuora. \n\nThank you for your attention to these issues. \n\n--- \n\nLet me know if theres anything else youd like to add!", "created_at": "2024-12-06T03:29:27.768Z"}}, {"model": "grammar_check.grammarcheck", "pk": 10, "fields": {"user_input": "for my update I'm testing all the upgrade and downgrade scenarios for Q4 to Q1 plans and vice versa as stated the requirements. This morning I raised a defect where promocode and promo name are not displayed in mobile upgrade order in Salesforce. Also I will raise a defect in where discount are not carried over and displayed in Zuora's invoice", "corrected_output": "I wanted to provide an update on my current testing efforts. I am examining all upgrade and downgrade scenarios between the Q4 and Q1 plans, as outlined in the requirements. \n\nThis morning, I identified a defect where the promo code and promo name are not appearing in mobile upgrade orders within Salesforce. Additionally, I will be raising another defect regarding the issue where discounts are not being transferred or displayed on invoices in Zuora. \n\nThank you for your attention to these matters.", "created_at": "2024-12-06T03:29:34.985Z"}}, {"model": "grammar_check.grammarcheck", "pk": 11, "fields": {"user_input": "for my update I'm testing all the upgrade and downgrade scenarios for Q4 to Q1 plans and vice versa as stated the requirements. This morning I raised a defect where promocode and promo name are not displayed in mobile upgrade order in Salesforce. Also I will raise a defect in where discount are not carried over and displayed in Zuora's invoice", "corrected_output": "Subject: Update on Testing Scenarios and Defect Reporting\n\nDear Team,\n\nI hope this message finds you well. \n\nAs part of my ongoing updates, I am currently testing all upgrade and downgrade scenarios for the Q4 to Q1 plans and vice versa, in accordance with the outlined requirements. \n\nThis morning, I identified a defect where the promo code and promo name are not appearing in the mobile upgrade orders within Salesforce. Additionally, I will be raising another defect regarding the issue of discounts not being carried over or displayed on invoices in Zuora.\n\nThank you for your attention to these matters. Please let me know if you have any questions or need further clarification.\n\nBest regards,  \n[Your Name]  \n[Your Position]  ", "created_at": "2024-12-06T03:29:50.570Z"}}, {"model": "grammar_check.grammarcheck", "pk": 12, "fields": {"user_input": "Hi pratik, I assume we are going to put the ABN information on the lead API. to confirm where should I put the ABN data based on the requested format\r\n[JSON FORMAT]", "corrected_output": "Subject: Clarification on ABN Information Placement in Lead API\n\nHi Pratik,\n\nI hope this message finds you well. I wanted to confirm our plan regarding the integration of ABN information into the lead API. Could you please clarify where I should place the ABN data based on the requested JSON format?\n\nThank you for your assistance!\n\nBest regards,  \n[Your Name]", "created_at": "2024-12-09T06:15:01.899Z"}}, {"model": "grammar_check.grammarcheck", "pk": 13, "fields": {"user_input": "I'll continue creating the test data for OPET-22528, as my shift is almost over.", "corrected_output": "I will continue to work on creating the test data for OPET-22528 since my shift is nearing its end. Thank you for your understanding!", "created_at": "2024-12-10T07:31:47.375Z"}}, {"model": "grammar_check.grammarcheck", "pk": 14, "fields": {"user_input": "I'll continue creating the test data for OPET-22528, as my shift is almost over.", "corrected_output": "I will continue generating the test data for OPET-22528 since my shift is coming to an end. Thank you!", "created_at": "2024-12-10T07:33:52.920Z"}}, {"model": "grammar_check.grammarcheck", "pk": 15, "fields": {"user_input": "Will continue work tomorrow for creating the test data for OPET-22528 since my shift is nearing its end.", "corrected_output": "I will continue working on creating the test data for OPET-22528 tomorrow, as my shift is coming to an end. Thank you for your understanding!", "created_at": "2024-12-10T07:34:08.607Z"}}, {"model": "grammar_check.grammarcheck", "pk": 16, "fields": {"user_input": "Hi Pratik I would like to ask if its ok to have to extend my embargo or holiday break for 3 days. I was thinking if I can leave the dates December 17,18 and 19. meaning I am still going to work next week on days december 16 and 20 (monday and friday). and then have the holiday break and go back on january 6. this is just a way for me to use all my leave before it expired but if you think I need to work then that would be totally fine also", "corrected_output": "Subject: Request for Extended Holiday Break\n\nHi Pratik,\n\nI hope this message finds you well. I would like to kindly request an extension of my holiday break for an additional three days, specifically from December 17 to December 19. I plan to work as scheduled on December 16 (Monday) and December 20 (Friday), then return to work on January 6.\n\nI am hoping to utilize my leave before it expires, but I completely understand if you feel that my presence is needed during that time.\n\nThank you for considering my request. I appreciate your understanding and support.\n\nBest regards,  \n[Your Name]", "created_at": "2024-12-11T02:33:15.281Z"}}, {"model": "grammar_check.grammarcheck", "pk": 17, "fields": {"user_input": "Hi Pratik I would like to ask if its ok to have to extend my embargo or holiday break for 3 days. I was thinking if I can leave the dates December 17,18 and 19. meaning I am still going to work next week on days december 16 and 20 (monday and friday). and then have the holiday break and go back on january 6. this is just a way for me to use all my leave before it expired but if you think I need to work then that would be totally fine also", "corrected_output": "Hi Pratik,\n\nI'd like to request an extension of my holiday break by 3 days, specifically from December 17 to December 19. I plan to work on December 16 and December 20, then return on January 6. This would allow me to use my leave before it expires. However, if you feel it's necessary for me to work during that time, I completely understand. Thank you for considering my request.", "created_at": "2024-12-11T02:47:46.429Z"}}, {"model": "grammar_check.grammarcheck", "pk": 18, "fields": {"user_input": "This MR (merge request) is  for sending lead API for 'energy'. this is an independent update since the lead API does not pass the ABN at the moment. this MR can be merge anytime when you think its ready. I also attached a screenshot below of dev testing result everything is working as expected", "corrected_output": "This merge request (MR) is for the lead API related to 'energy'. This is an independent update, as the lead API currently does not pass the ABN. Please merge this MR at your convenience once it is ready. A screenshot of the development testing results is attached, confirming that everything is functioning as expected.", "created_at": "2024-12-13T01:42:58.397Z"}}, {"model": "grammar_check.grammarcheck", "pk": 19, "fields": {"user_input": "quick update. It turns out all my update is already on the branch \"energy-replatform\".  so no need to do anything for me on that part for now and I will continue working on the proof ID. thanks", "corrected_output": "Update: All my work is already on the \"energy-replatform\" branch, so no further action is needed on that for now. I will continue with the proof ID. Thank you.", "created_at": "2024-12-13T03:27:44.358Z"}}, {"model": "grammar_check.grammarcheck", "pk": 20, "fields": {"user_input": "Mulesoft error that unable us to activate SIM for postpaid and prepaid", "corrected_output": "We are encountering a Mulesoft error that prevents us from activating SIM cards for both postpaid and prepaid plans.", "created_at": "2024-12-16T02:54:21.827Z"}}, {"model": "grammar_check.grammarcheck", "pk": 21, "fields": {"user_input": "Please check and review and provide us your feedback.", "corrected_output": "Please review the document and provide your feedback. Thank you.", "created_at": "2024-12-16T02:59:47.727Z"}}, {"model": "grammar_check.grammarcheck", "pk": 22, "fields": {"user_input": "Please check and review and provide us your feedback.", "corrected_output": "Please review and provide your feedback. Thank you.", "created_at": "2024-12-16T06:04:00.260Z"}}, {"model": "kanbanapp.board", "pk": 1, "fields": {"user": 1, "name": "Vocus", "closed": false}}, {"model": "kanbanapp.board", "pk": 2, "fields": {"user": 1, "name": "iWeb", "closed": false}}, {"model": "kanbanapp.board", "pk": 3, "fields": {"user": 1, "name": "WisdomVault", "closed": false}}, {"model": "kanbanapp.board", "pk": 4, "fields": {"user": 1, "name": "Personal", "closed": false}}, {"model": "kanbanapp.column", "pk": 1, "fields": {"user": 1, "name": "Backlog", "board": 1, "position": 1}}, {"model": "kanbanapp.column", "pk": 2, "fields": {"user": 1, "name": "Planning", "board": 1, "position": 2}}, {"model": "kanbanapp.column", "pk": 3, "fields": {"user": 1, "name": "Coding", "board": 1, "position": 3}}, {"model": "kanbanapp.column", "pk": 4, "fields": {"user": 1, "name": "Going to ST", "board": 1, "position": 4}}, {"model": "kanbanapp.column", "pk": 5, "fields": {"user": 1, "name": "Going to SIT", "board": 1, "position": 5}}, {"model": "kanbanapp.column", "pk": 6, "fields": {"user": 1, "name": "Closed", "board": 1, "position": 6}}, {"model": "kanbanapp.column", "pk": 7, "fields": {"user": 1, "name": "Backlog", "board": 2, "position": 1}}, {"model": "kanbanapp.column", "pk": 8, "fields": {"user": 1, "name": "Clarified by Ado", "board": 2, "position": 2}}, {"model": "kanbanapp.column", "pk": 9, "fields": {"user": 1, "name": "Coding", "board": 2, "position": 3}}, {"model": "kanbanapp.column", "pk": 10, "fields": {"user": 1, "name": "Tested by Ado", "board": 2, "position": 4}}, {"model": "kanbanapp.column", "pk": 11, "fields": {"user": 1, "name": "Done", "board": 2, "position": 5}}, {"model": "kanbanapp.column", "pk": 12, "fields": {"user": 1, "name": "Backlog", "board": 3, "position": 1}}, {"model": "kanbanapp.column", "pk": 13, "fields": {"user": 1, "name": "Active", "board": 3, "position": 2}}, {"model": "kanbanapp.column", "pk": 14, "fields": {"user": 1, "name": "Done", "board": 3, "position": 3}}, {"model": "kanbanapp.column", "pk": 15, "fields": {"user": 1, "name": "Backlog", "board": 4, "position": 1}}, {"model": "kanbanapp.column", "pk": 16, "fields": {"user": 1, "name": "Active", "board": 4, "position": 2}}, {"model": "kanbanapp.column", "pk": 17, "fields": {"user": 1, "name": "Pending", "board": 4, "position": 3}}, {"model": "kanbanapp.column", "pk": 18, "fields": {"user": 1, "name": "Closed", "board": 4, "position": 4}}, {"model": "kanbanapp.task", "pk": 1, "fields": {"user": 1, "title": "Capture MyDodoAnalytics/BI AWS", "description": "Ticket:\r\nhttps://jira1.vocus.net/browse/DIGDEL-6046\r\n\r\nBranch:\r\nfeature-DIGDEL_6046\r\n\r\nMR to Master:\r\nhttps://gitlab.vocusretailcloud.com.au/digital/spa-applications/digital-self-service/-/merge_requests/2100\r\n\r\nMR to Dev:\r\nhttps://gitlab.vocusretailcloud.com.au/digital/spa-applications/digital-self-service/-/merge_requests/1869", "column": 5, "created_at": "2024-12-01T12:42:02.475Z", "updated_at": "2024-12-01T12:42:02.475Z"}}, {"model": "kanbanapp.task", "pk": 2, "fields": {"user": 1, "title": "Energy", "description": "feature/dpg-replatform\r\n\r\nother notes:\r\n- save api pass nothing\r\n- create a lead same as internet\r\n- another section below the about us (maybe like a button)\r\n\r\nENERGY GRAPH\r\nhttps://app.diagrams.net/#G1KcPRwuixt6-S5Pz7HwWHmeE_8hoq8VEM#%7B%22pageId%22%3A%22djdWE3Vkb2eLZj209XSd%22%7D\r\n\r\nINTERNET GRAPH\r\nhttps://app.diagrams.net/#G1MA5guV2bqE48nbVdKjveOFGJ7pAYxPJu#%7B%22pageId%22%3A%226C1xH0ke3hgCYEMPMCp8%22%7D\r\n\r\n\r\n\r\nFIGMA:\r\nhttps://click.figma.com/ls/click?upn=u001.Y4GnNWhdnCDA1MWI-2FhIyfOSqzSOOn-2BuE-2BZrF9-2BcnUGiivhcOhY3M9uAFq63kbTUtR394Qn5A4XzkUEvl-2ByqtsZuH30RWgx2QA8CI528BQiokoZ-2FCEHP3hg6HX-2Fo-2B-2BvvWkUofSKniN7uKk0cVJUqQwA-3D-3DIIZc_DpbUrn5xiVnbw4Y9x9a2kG4y9KtBn-2Fex7P-2B-2F7hjmrkHp7OVUXPTHZcmT2xLogym3HTGXL3Mb0tOKeUyqZwe61C56-2B8VpmxIhvf916YcLu1ca0Jz3mROWWX2wT03Sj-2FC18QFqQvgB4x1OQPCYD-2FUXYgwk8hz8tRgU-2F-2Fbxx8bls1vE-2FzOHV5a5bI5cvTMdJJSSVLSI0-2BTWQr8td4Wz1jJFOwl3Xx6Uq-2FAXLZj5pIcF9u8cEsO2R-2Bc9v-2F3Eqvo9EYj2V52-2BHURYCZSSI-2FuhpvE0lp17OOaOG0IKXfTfXBi6-2BCPoYRhQxMgEPVU2UsSZbYUXktX-2BRtm6989unEqmuR2BpI7RsucYe7P-2F9VR-2Fesk5dLvfvPTi3jqE2mbQ6PhsoNz0GDbx-2FFivEyHuiYGyFP70mA-3D-3D", "column": 1, "created_at": "2024-12-01T12:43:33.890Z", "updated_at": "2024-12-02T08:44:36.082Z"}}, {"model": "kanbanapp.task", "pk": 3, "fields": {"user": 1, "title": "page on smaller screens", "description": "https://jira1.vocus.net/browse/DIGDEL-6183\r\n\r\nMaster MR:\r\nhttps://gitlab.vocusretailcloud.com.au/digital/spa-applications/dodo-mobile-activate/-/merge_requests/1087", "column": 5, "created_at": "2024-12-01T12:44:07.530Z", "updated_at": "2024-12-01T12:44:07.530Z"}}, {"model": "kanbanapp.task", "pk": 4, "fields": {"user": 1, "title": "Proceed to Checkout", "description": "OPET-22770\r\nhttps://gitlab.vocusretailcloud.com.au/digital/spa-applications/dodo-mobile-activate/-/merge_requests/1099", "column": 5, "created_at": "2024-12-01T12:44:29.635Z", "updated_at": "2024-12-01T12:44:29.635Z"}}, {"model": "kanbanapp.task", "pk": 5, "fields": {"user": 1, "title": "400 error on iprimus mobile Q1", "description": "https://jira1.vocus.net/browse/OPET-22270", "column": 5, "created_at": "2024-12-01T12:44:54.902Z", "updated_at": "2024-12-01T12:44:54.902Z"}}, {"model": "kanbanapp.task", "pk": 6, "fields": {"user": 1, "title": "Energy - URGENT", "description": "https://jira1.vocus.net/browse/DIGDEL-6409\r\n\r\nDEV MR's\r\nhttps://gitlab.vocusretailcloud.com.au/digital/spa-applications/digital-self-service/-/merge_requests/2151\r\nhttps://gitlab.vocusretailcloud.com.au/digital/spa-applications/digital-self-service/-/merge_requests/2098", "column": 5, "created_at": "2024-12-01T12:45:17.988Z", "updated_at": "2024-12-01T12:45:17.988Z"}}, {"model": "kanbanapp.task", "pk": 7, "fields": {"user": 1, "title": "Location Feature", "description": "", "column": 7, "created_at": "2024-12-01T12:49:49.356Z", "updated_at": "2024-12-01T12:49:49.356Z"}}, {"model": "kanbanapp.task", "pk": 8, "fields": {"user": 1, "title": "Mailblast", "description": "https://iwebframework.com/luckyme/\r\n\r\nURL: https://gator4199.hostgator.com:2083/\r\nUsername: iwebframe\r\nPassword: ZueqofaI7BInWURO\r\n\r\nFolder\r\n\r\npublic_html/luckyme\r\n\r\n\r\n----------\r\n\r\nSteps to take:\r\n- [ ] replicate the bug by trying to send on only one email\r\nCheck this on by one:\r\n- [ ] 1. Email Sending Limits and Quotas\r\n    Check in cPanel:\r\n        Email account quotas or sending limits.\r\n        Email sending history/logs for signs of throttling or blocking.\r\n        Verify with HostGator if youve hit daily or hourly limits.\r\n- [ ] 2. SMTP Configuration Issues\r\n    Check the code:\r\n        SMTP host, port, username, and password.\r\n        SSL/TLS settings and authentication methods.\r\n        Use PHPMailer or similar libraries with proper debug logs.\r\n    Test on cPanel:\r\n        Verify the SMTP connection via Email Deliverability or Track Delivery.\r\n- [ ] 3. DNS and MX Records Misconfiguration\r\n    On cPanel:\r\n        Check if MX records and SPF/DKIM/DMARC are properly set.\r\n        Use Email Deliverability tool to ensure no DNS issues.\r\n- [ ] 4. Firewall or Port Blocking\r\n    On HostGator:\r\n        Ensure ports for SMTP (like 587 or 465) are open.\r\n        Check any firewall settings in cPanel or with HostGators support.\r\n- [ ] 5. Code Errors or Deprecated Functions\r\n    Review PHP code:\r\n        Look for syntax errors, missing function calls, or deprecated PHP functions.\r\n        Enable PHP error reporting to capture issues during execution.\r\n- [ ] 6. PHP Version Compatibility Issues\r\n    On cPanel:\r\n        Ensure your PHP version matches the requirements of your script.\r\n        Test by switching PHP versions (PHP Selector) to see if it fixes the issue.\r\n- [ ] 7. Mailer Library Outdated or Corrupted\r\n    In code:\r\n        Verify if external libraries (e.g., PHPMailer) are up-to-date.\r\n        Reinstall or update the library to ensure no corrupt files.\r\n- [ ] 8. Email Queue Backlog or Stuck Emails\r\n    On cPanel:\r\n        Check the Email Queue Manager for pending or stuck emails.\r\n        Clear old or failed emails from the queue.\r\n- [ ] 9. Mail Logs for Errors\r\n    On cPanel:\r\n        Use the Email Log Viewer (or Track Delivery) to spot any errors.\r\n        Look for SMTP authentication failures, timeout errors, or bounce-back messages.\r\n- [ ] 10. HostGator Account Suspension or IP Blacklisting\r\n    Contact HostGator support:\r\n        Verify that your account isn't suspended or flagged for spamming.\r\n        Check if your IP/domain is blacklisted.\r\n- [ ] 11. Cron Jobs Not Running Properly (if used)\r\n    In cPanel:\r\n        Check if scheduled cron jobs are properly configured.\r\n        Ensure the cron jobs are executing without errors.\r\n- [ ] 12. SMTP Authentication Changes (OAuth vs. Basic Auth)\r\n    In code:\r\n        Some email providers (like Gmail or Outlook) switch from Basic Auth to OAuth.\r\n        Update your authentication method accordingly.\r\n- [ ] 13. Spam Filters Blocking Outbound Emails\r\n    On cPanel:\r\n        Check the Spam Filters and SpamAssassin settings.\r\n        Ensure that legitimate emails aren't being blocked.", "column": 7, "created_at": "2024-12-01T12:50:19.336Z", "updated_at": "2024-12-01T12:50:19.336Z"}}, {"model": "kanbanapp.task", "pk": 9, "fields": {"user": 1, "title": "Kanban", "description": "Backlogs:\r\nAdd Emoji AI\r\nAi Suggestion per board (process last 3 history)\r\nAi Suggestion per task, (process last 3 history)", "column": 13, "created_at": "2024-12-01T12:53:24.937Z", "updated_at": "2024-12-02T04:22:26.839Z"}}, {"model": "kanbanapp.task", "pk": 10, "fields": {"user": 1, "title": "Fix microwave", "description": "", "column": 15, "created_at": "2024-12-01T13:17:11.742Z", "updated_at": "2024-12-01T13:17:11.742Z"}}, {"model": "kanbanapp.task", "pk": 12, "fields": {"user": 1, "title": "Amilyar-2023", "description": "", "column": 15, "created_at": "2024-12-01T13:18:13.331Z", "updated_at": "2024-12-01T13:18:13.331Z"}}, {"model": "kanbanapp.task", "pk": 13, "fields": {"user": 1, "title": "Get Diploma", "description": "", "column": 15, "created_at": "2024-12-01T13:18:30.046Z", "updated_at": "2024-12-01T13:18:30.046Z"}}, {"model": "kanbanapp.task", "pk": 14, "fields": {"user": 1, "title": "Lineage", "description": "\tGeneral video for instruction\r\n    \tnote why\r\n             - lots of contradicting quotes advice and knowledge. We only keep what's proven, \r\n    \tsecrets, family etc\r\n    \tcreate sub video\r\n    \task for other video\r\nExplain that reviewing this and adding here would be hard. This should be teached as a deceplene\r\n\r\nNot too good\r\nBalance finding\r\nwe are being manipulated and we need to figure out what is real", "column": 12, "created_at": "2024-12-01T13:19:07.945Z", "updated_at": "2024-12-03T00:35:47.358Z"}}, {"model": "kanbanapp.task", "pk": 15, "fields": {"user": 1, "title": "Mina Implant", "description": "Our lady of devine\r\nPbsona\r\n\r\n\r\n\r\nInitial Checkup\r\n\r\nArm ultra sound\r\n\r\nRegular ultrasound\r\n\r\nBack to doctor\r\n\r\nList next steps", "column": 16, "created_at": "2024-12-01T13:19:30.330Z", "updated_at": "2024-12-01T13:19:30.330Z"}}, {"model": "kanbanapp.task", "pk": 16, "fields": {"user": 1, "title": "Make Sure papa is healed", "description": "", "column": 17, "created_at": "2024-12-01T13:20:26.972Z", "updated_at": "2024-12-01T13:27:23.678Z"}}, {"model": "kanbanapp.task", "pk": 17, "fields": {"user": 1, "title": "Complete Phone Transition", "description": "BPI Update\r\nUnionbank update", "column": 15, "created_at": "2024-12-01T13:23:56.166Z", "updated_at": "2024-12-01T13:23:56.166Z"}}, {"model": "kanbanapp.task", "pk": 18, "fields": {"user": 1, "title": "Credit Check", "description": "https://jira1.vocus.net/browse/DPGRPLT-70\r\n10 lop (must be NSW)\r\n\r\nGRAPH\r\nhttps://app.diagrams.net/#G1pZVoJ6pAjsY43AAcd9pI5eyy2e4tynBE#%7B%22pageId%22%3A%223Lrdt9enr9mT_aZ6NF9R%22%7D", "column": 2, "created_at": "2024-12-01T13:24:44.662Z", "updated_at": "2024-12-02T04:17:25.134Z"}}, {"model": "kanbanapp.task", "pk": 19, "fields": {"user": 1, "title": "Mina Surgery", "description": "", "column": 15, "created_at": "2024-12-01T13:25:06.704Z", "updated_at": "2024-12-01T13:25:06.704Z"}}, {"model": "kanbanapp.task", "pk": 20, "fields": {"user": 1, "title": "Add Regular backup", "description": "", "column": 12, "created_at": "2024-12-02T04:24:13.412Z", "updated_at": "2024-12-02T04:24:13.412Z"}}, {"model": "kanbanapp.task", "pk": 21, "fields": {"user": 1, "title": "capture customer details", "description": "https://jira1.vocus.net/browse/DPGRPLT-61\r\n\r\nhttps://gitlab.vocusretailcloud.com.au/digital/spa-applications/dodo-sales-funnel/-/merge_requests/1381", "column": 3, "created_at": "2024-12-02T07:56:47.283Z", "updated_at": "2024-12-05T07:11:29.077Z"}}, {"model": "kanbanapp.task", "pk": 22, "fields": {"user": 1, "title": "Proof of ID", "description": "https://jira1.vocus.net/browse/DPGRPLT-69", "column": 1, "created_at": "2024-12-02T08:10:24.847Z", "updated_at": "2024-12-02T08:10:24.847Z"}}, {"model": "kanbanapp.task", "pk": 23, "fields": {"user": 1, "title": " ABN Validation", "description": "https://jira1.vocus.net/browse/DPGRPLT-568", "column": 1, "created_at": "2024-12-02T08:11:11.592Z", "updated_at": "2024-12-02T08:11:11.592Z"}}, {"model": "kanbanapp.task", "pk": 24, "fields": {"user": 1, "title": "Change oil 2024", "description": "", "column": 16, "created_at": "2024-12-03T05:23:20.802Z", "updated_at": "2024-12-03T05:23:20.802Z"}}]